tree
version=v4
num_class=1
num_tree_per_iteration=1
label_index=0
max_feature_idx=8
objective=binary sigmoid:1
feature_names=drop_pct_n drop_speed_n vol_ratio_trough et_hour open_to_now_ret_n prev_day_ret_n rv20_rel bars_since_open symbol
feature_infos=[0.47236394277179594:38.014003452203127] [0.046768042204634805:4.2725812299719879] [0.00055127579511324634:36.371960431654678] [9.5:15.833333333333334] [-60.494900128484083:50.474117872275144] [-134.74413490588262:191.14167391842537] [0.13427283641593982:13.409167766399714] [0:76] -1:6:19:1:18:12:16:3:4:14:20:17:8:2:22:10:5:11:0:25:9:15:13:7:24:23
tree_sizes=907 918 895 893 919 904 915 896 904 907 922 914 911 908 901 916 897 897 919 898 913 896 907 903 915 920 922 915 923 928 916 906 895 903 912 909 903 911 927 921 926 912 898 908 896 922 924 922 905 928 914 920 901 912 917 908 915 897 925 917 918 918 921 913 912 916 913 909 909 916 920 900 921 897 925 894 919 915 920 901 901 914 907 895 914 893 916 904 901 917 894 918 892 917 904 909 913 930 922 916 902 920 902 895 922 919 898 900 918 930 914 909 915 918 922 913 917 928 925 916 919 931 920 926 923 925 929 927 908 919 916 921 922 913 890 918 919 911 922 893 915 923 903 929 917 936 923 925 920 922 911 905 929 911 922 925 906 916 893 916 916 915 925 935 920 927 902 919 923 927 916 903 928 930 912 928 924 922 919 899 895 928 903 890 921 922 908 916 921 910 927 929 889 894 901 920 906 920 917 923

Tree=0
num_leaves=7
num_cat=1
split_feature=8 6 3 3 6 6
split_gain=1600.94 689.717 393.318 339.505 207.286 150.352
threshold=0 1.2193915620875961 15.208333333333334 14.958333333333334 0.92684907075889078 1.9589466765775498
decision_type=1 2 2 2 2 2
left_child=2 3 4 -2 -1 -3
right_child=1 5 -4 -5 -6 -7
leaf_value=-0.40051255426108473 -0.43887788482025786 -0.41682609902514223 -0.43850110568460066 -0.47905423598450525 -0.37505043748988809 -0.38437455358646549
leaf_weight=1343.8928735852242 3112.8409593254328 1427.9460451155901 387.93771475553513 632.43426214158535 1978.4823452532291 474.86449898779392
leaf_count=5612 12999 5963 1620 2641 8262 1983
internal_value=-0.416446 -0.433196 -0.390973 -0.445677 -0.385342 -0.408715
internal_weight=9358.4 5648.09 3710.31 3745.28 3322.38 1902.81
internal_count=39080 23586 15494 15640 13874 7946
cat_boundaries=0 1
cat_threshold=856138
is_linear=0
shrinkage=1


Tree=1
num_leaves=7
num_cat=1
split_feature=8 6 3 3 6 6
split_gain=1391.58 602.726 340.398 313.238 171.337 141.269
threshold=0 1.2193915620875961 15.04166666666667 14.958333333333334 0.92684907075889078 2.1660646051134393
decision_type=1 2 2 2 2 2
left_child=2 3 4 -2 -1 -3
right_child=1 5 -4 -5 -6 -7
leaf_value=0.015227824205707306 -0.020931923380615964 0.0006871762016531207 -0.015676990428647175 -0.059499936868431871 0.038733026715044763 0.03614680699724112
leaf_weight=1286.2258535027504 3097.9149168729782 1566.8319536447525 479.67187698185444 633.92853718996048 1958.3231348991394 341.24002254009247
leaf_count=5354 12998 6540 2009 2684 8112 1416
internal_value=-0.000132355 -0.0157844 0.0235479 -0.0274977 0.0294225 0.0070444
internal_weight=9364.14 5639.92 3724.22 3731.84 3244.55 1908.07
internal_count=39113 23638 15475 15682 13466 7956
cat_boundaries=0 1
cat_threshold=856138
is_linear=0
shrinkage=0.05


Tree=2
num_leaves=7
num_cat=0
split_feature=3 6 0 6 3 0
split_gain=832.421 555.131 223.332 157.304 52.9065 45.1895
threshold=15.208333333333334 1.0014474125462745 3.8556902286221697 1.837023333825581 15.708333333333334 5.6037500042047634
decision_type=2 2 2 2 2 2
left_child=1 2 -1 -3 5 -2
right_child=4 3 -4 -5 -6 -7
leaf_value=0.024572561143307275 -0.020056298466653823 0.012890101551796774 -0.01220554487345466 0.036162349136378037 -0.063753334479883378 -0.046080689504637271
leaf_weight=465.95541267096996 265.18206544220448 3502.8241050988436 3559.9008378237486 915.84477283060551 241.95322985947132 460.27504958212376
leaf_count=1934 1120 14575 14938 3781 1027 1961
internal_value=0.000451282 0.00548592 -0.00794378 0.0177208 -0.0434563 -0.0366085
internal_weight=9411.94 8444.53 4025.86 4418.67 967.41 725.457
internal_count=39336 35228 16872 18356 4108 3081
is_linear=0
shrinkage=0.05


Tree=3
num_leaves=7
num_cat=0
split_feature=7 0 6 7 6 0
split_gain=718.134 437.319 242.179 84.6778 65.7625 39.514
threshold=66.500000000000014 3.8556902286221697 1.2128964050651916 71.500000000000014 1.1821132383122877 2.6351450270278627
decision_type=2 2 2 2 2 2
left_child=1 5 -3 4 -2 -1
right_child=3 2 -4 -5 -6 -7
leaf_value=0.030827577889844499 -0.030937440992027193 -0.0082114023532392898 0.015366012058211202 -0.050699244244562292 0.013106828972218494 0.017785353827202737
leaf_weight=965.36786110699177 518.5147400945425 4329.5784977823496 1454.1184275299311 556.79019831120968 100.68591518700123 1473.9645620882511
leaf_count=3969 2223 18176 6017 2392 422 6099
internal_value=-2.08964e-05 0.00520703 -0.00228201 -0.0365502 -0.023766 0.0229573
internal_weight=9399.02 8223.03 5783.7 1175.99 619.201 2439.33
internal_count=39298 34261 24193 5037 2645 10068
is_linear=0
shrinkage=0.05


Tree=4
num_leaves=7
num_cat=1
split_feature=8 6 3 3 6 6
split_gain=1314.89 486.855 272.321 247.567 115.528 107.886
threshold=0 1.2193915620875961 15.04166666666667 14.79166666666667 0.72965597701861451 1.8817051691308795
decision_type=1 2 2 2 2 2
left_child=2 3 4 -2 -1 -3
right_child=1 5 -4 -5 -6 -7
leaf_value=0.0085480948683523805 -0.020870215930685897 -0.0030313161808835191 -0.012740937937240944 -0.05476156987535457 0.030623223038597436 0.024260286962389837
leaf_weight=746.6144128292799 2748.0683921873569 1276.4693397879601 514.63714078068733 670.21812810003757 2891.7800414115191 504.42712864279747
leaf_count=3111 11615 5304 2204 2922 11896 2068
internal_value=0.000285037 -0.0164565 0.0212312 -0.0275293 0.0260969 0.00470813
internal_weight=9352.21 5199.18 4153.03 3418.29 3638.39 1780.9
internal_count=39120 21909 17211 14537 15007 7372
cat_boundaries=0 1
cat_threshold=1904714
is_linear=0
shrinkage=0.05


Tree=5
num_leaves=7
num_cat=3
split_feature=8 3 3 8 8 3
split_gain=1186.29 408.418 257.651 235.801 73.2968 58.6734
threshold=0 14.625000000000002 15.208333333333334 1 2 15.458333333333334
decision_type=1 2 2 1 1 2
left_child=2 3 4 -2 -1 -3
right_child=1 5 -4 -5 -6 -7
leaf_value=0.034119456603839922 0.0015997568134517182 -0.034946355625317914 -0.017091406455526922 -0.021380118633394382 0.018841210518623641 -0.061029222055019421
leaf_weight=1596.4879975318909 2656.4901001751423 729.14011260867119 381.27505666017532 1916.3617729097605 1777.3694028556347 310.40347798168659
leaf_count=6547 11153 3156 1643 8059 7298 1380
internal_value=5.84624e-05 -0.014486 0.0217751 -0.00807632 0.0262357 -0.0427858
internal_weight=9367.53 5612.4 3755.13 4572.85 3373.86 1039.54
internal_count=39236 23748 15488 19212 13845 4536
cat_boundaries=0 1 2 3
cat_threshold=856138 5391668 786496
is_linear=0
shrinkage=0.05


Tree=6
num_leaves=7
num_cat=2
split_feature=8 6 7 7 6 8
split_gain=1072.49 438.853 281.308 225.922 171.997 96.0292
threshold=0 1.2193915620875961 71.500000000000014 67.500000000000014 0.71866995149782631 1
decision_type=1 2 2 2 2 1
left_child=2 3 4 -2 -1 -3
right_child=1 5 -4 -5 -6 -7
leaf_value=0.0029641813574768933 -0.019514614255019731 0.01481200204750598 -0.032839444976656654 -0.056248119244831078 0.029564197152721773 -0.0077693344006873975
leaf_weight=778.24937127530575 3200.6154821515083 1093.6348526626825 233.27834898233414 481.11155337095261 2776.1752689778805 812.90538741648197
leaf_count=3233 13644 4527 1014 2186 11330 3377
internal_value=-0.000310791 -0.0142225 0.0201967 -0.0243288 0.0237425 0.00522173
internal_weight=9375.97 5588.27 3787.7 3681.73 3554.42 1906.54
internal_count=39311 23734 15577 15830 14563 7904
cat_boundaries=0 1 2
cat_threshold=856138 5392692
is_linear=0
shrinkage=0.05


Tree=7
num_leaves=7
num_cat=0
split_feature=3 0 3 3 0 0
split_gain=549.476 276.576 128.914 114.667 65.7247 27.4719
threshold=14.625000000000002 3.8556902286221697 10.708333333333334 15.458333333333334 5.3607465057646442 2.0132598211437691
decision_type=2 2 2 2 2 2
left_child=1 5 -3 4 -2 -1
right_child=3 2 -4 -5 -6 -7
leaf_value=0.03190130337189058 0.00016142763020031986 0.016399146914250245 -0.0043657378417625717 -0.045093514778585225 -0.025191419706313157 0.017325492245650546
leaf_weight=387.94963859021664 375.49400292336941 899.75396829843521 4390.6485299021006 531.61609083414078 799.73694923520088 1979.3478962033987
leaf_count=1570 1586 3757 18423 2399 3484 8103
internal_value=-0.000193384 0.00552539 -0.000831762 -0.0258386 -0.0170978 0.0197266
internal_weight=9364.55 7657.7 5290.4 1706.85 1175.23 2367.3
internal_count=39322 31853 22180 7469 5070 9673
is_linear=0
shrinkage=0.05


Tree=8
num_leaves=7
num_cat=3
split_feature=8 6 6 8 6 8
split_gain=947.715 377.457 208.786 171.471 75.6402 65.8531
threshold=0 1.3784421564754676 0.72586902640381423 1 2.1660646051134393 2
decision_type=1 2 2 1 2 1
left_child=2 3 -1 -2 -3 -4
right_child=1 4 5 -5 -6 -7
leaf_value=-0.0019423080480977222 -0.011028958844983876 0.0025352644915909057 0.033791470485814906 -0.031596758180789677 0.029400434584314579 0.018143441993892843
leaf_weight=888.69873729348183 2186.4423060268164 1031.4729663580656 1376.0363676995039 1944.6260969787836 350.3247397094965 1524.8556567281485
leaf_count=3722 9409 4277 5604 8429 1428 6229
internal_value=-7.80528e-06 -0.0132299 0.0192095 -0.0208193 0.00936268 0.0257541
internal_weight=9302.46 5512.87 3789.59 4131.07 1381.8 2900.89
internal_count=39098 23543 15555 17838 5705 11833
cat_boundaries=0 1 2 3
cat_threshold=856138 1197364 786496
is_linear=0
shrinkage=0.05


Tree=9
num_leaves=7
num_cat=3
split_feature=8 7 7 8 8 7
split_gain=883.422 301.676 198.109 156.957 97.2592 37.063
threshold=0 61.500000000000007 71.500000000000014 1 2 70.500000000000014
decision_type=1 2 2 1 1 2
left_child=2 3 4 -2 -1 -3
right_child=1 5 -4 -5 -6 -7
leaf_value=0.027661613521392167 -0.022696885972254836 -0.034279448152485778 -0.02612927940517978 -0.0017483785202601198 0.012047327336100339 -0.056219804643118682
leaf_weight=1670.1452395617962 1394.2562620788813 539.43509691953659 266.60443742573261 2479.2096920311451 2620.2410926967859 307.01304320991039
leaf_count=6788 5942 2403 1191 10475 10804 1444
internal_value=-9.49265e-05 -0.0152383 0.015589 -0.00935581 0.0182232 -0.0422943
internal_weight=9276.9 4719.91 4556.99 3873.47 4290.39 846.448
internal_count=39047 20264 18783 16417 17592 3847
cat_boundaries=0 1 2 3
cat_threshold=1921098 58761856 786496
is_linear=0
shrinkage=0.05


Tree=10
num_leaves=7
num_cat=1
split_feature=8 6 6 3 3 6
split_gain=805.214 321.419 208.257 173.243 107.203 81.9632
threshold=0 1.25107712242182 0.71866995149782631 15.125000000000002 15.458333333333334 2.3130433228553451
decision_type=1 2 2 2 2 2
left_child=2 3 -1 -2 -4 -3
right_child=1 5 4 -5 -6 -7
leaf_value=-0.0050169391321167548 -0.019538889865008471 -0.0012127665783533783 0.022278768165427842 -0.054981883253303748 -0.019933230947025052 0.030014498654634347
leaf_weight=1040.236151561141 2752.1906443238258 1295.8059623241425 3398.0046242028475 393.7290416508913 156.63000838458538 249.78627824783325
leaf_count=4377 11918 5398 13825 1900 704 1017
internal_value=-0.000235049 -0.0147884 0.0146248 -0.0239908 0.0204137 0.00385008
internal_weight=9286.38 4691.51 4594.87 3145.92 3554.63 1545.59
internal_count=39139 20233 18906 13818 14529 6415
cat_boundaries=0 1
cat_threshold=1921098
is_linear=0
shrinkage=0.05


Tree=11
num_leaves=7
num_cat=2
split_feature=8 3 3 8 3 3
split_gain=774.75 218.312 214.008 135.303 91.6847 48.8985
threshold=0 15.208333333333334 14.625000000000002 1 10.708333333333334 15.708333333333334
decision_type=1 2 2 1 2 2
left_child=1 3 4 -1 -2 -3
right_child=2 5 -4 -5 -6 -7
leaf_value=0.027311994899898245 0.0047414786083407184 -0.0096874901999218395 -0.042613470394366651 0.0094946753784105505 -0.016063751780063879 -0.04504500036779685
leaf_weight=1612.0691315531731 668.49980783462524 380.63108977675438 679.11062905192375 3228.9771114289761 2539.1515956968069 130.98316340148449
leaf_count=6511 2817 1692 3179 13337 10878 604
internal_value=-0.00012578 0.0122024 -0.0170898 0.0155083 -0.0117277 -0.0188099
internal_weight=9239.42 5352.66 3886.76 4841.05 3207.65 511.614
internal_count=39018 22144 16874 19848 13695 2296
cat_boundaries=0 1 2
cat_threshold=2052186 786496
is_linear=0
shrinkage=0.05


Tree=12
num_leaves=7
num_cat=2
split_feature=8 3 3 8 3 3
split_gain=680.106 218.844 180.051 111.278 90.0659 47.926
threshold=0 15.04166666666667 14.625000000000002 1 10.708333333333334 15.708333333333334
decision_type=1 2 2 1 2 2
left_child=1 3 4 -1 -2 -3
right_child=2 5 -4 -5 -6 -7
leaf_value=0.025766938060738816 0.0049853649355163891 -0.0089751690895223477 -0.039873140618788092 0.0094297508993574988 -0.015689914724671652 -0.042446946037182173
leaf_weight=1581.5551002174616 666.05033665895462 518.9403987377882 669.64870244264603 3157.37253215909 2510.0402488708496 133.99310225248337
leaf_count=6371 2804 2287 3183 13004 10796 628
internal_value=-0.000248712 0.0112007 -0.0162867 0.0149606 -0.0113539 -0.0158986
internal_weight=9237.6 5391.86 3845.74 4738.93 3176.09 652.934
internal_count=39073 22290 16783 19375 13600 2915
cat_boundaries=0 1 2
cat_threshold=2052186 786496
is_linear=0
shrinkage=0.05


Tree=13
num_leaves=7
num_cat=3
split_feature=8 3 3 8 8 3
split_gain=605.779 246.659 165.489 130.114 86.7439 47.3007
threshold=0 14.375000000000002 15.04166666666667 1 2 15.375000000000002
decision_type=1 2 2 1 1 2
left_child=2 3 4 -2 -1 -3
right_child=1 5 -4 -5 -6 -7
leaf_value=0.025557399393471614 -0.019002516406776221 -0.027461512418340536 -0.012734996135278127 0.00065036115270150196 0.010476163371256418 -0.051451184372266125
leaf_weight=1601.1300705075264 1310.7939190417528 720.11800248920918 548.95904487371445 2327.4652819782495 2478.1823280602694 290.38653649389744
leaf_count=6440 5665 3292 2432 9892 10118 1472
internal_value=0.000203003 -0.0125311 0.0129924 -0.00648389 0.0164887 -0.0343994
internal_weight=9277.04 4648.76 4628.27 3638.26 4079.31 1010.5
internal_count=39311 20321 18990 15557 16558 4764
cat_boundaries=0 1 2 3
cat_threshold=1921098 58761856 786496
is_linear=0
shrinkage=0.05


Tree=14
num_leaves=7
num_cat=3
split_feature=8 3 8 3 8 3
split_gain=592.879 239.2 153.669 140.498 55.7648 42.8633
threshold=0 14.625000000000002 1 15.458333333333334 2 15.375000000000002
decision_type=1 2 1 2 1 2
left_child=3 2 -2 4 -1 -3
right_child=1 5 -4 -5 -6 -7
leaf_value=0.030033219125498212 -0.019847117946924127 -0.02675961190329151 0.00051595528166105658 -0.022975480649995671 0.013711560473175703 -0.050075859394246525
leaf_weight=639.40693356096745 1376.1024003177881 560.83001141250134 2796.953011110425 238.68284240365028 3335.0589433759451 308.0335069745779
leaf_count=2575 5986 2623 11869 1099 13548 1592
internal_value=0.000358251 -0.0111996 -0.00624841 0.014182 0.0164543 -0.0350739
internal_weight=9255.07 5041.92 4173.06 4213.15 3974.47 868.864
internal_count=39292 22070 17855 17222 16123 4215
cat_boundaries=0 1 2 3
cat_threshold=1904714 58761856 64
is_linear=0
shrinkage=0.05


Tree=15
num_leaves=7
num_cat=1
split_feature=8 6 3 6 3 3
split_gain=471.98 269.972 186.443 155.361 56.7396 46.8033
threshold=0 1.8160802914481033 15.125000000000002 0.71866995149782631 15.79166666666667 15.04166666666667
decision_type=1 2 2 2 2 2
left_child=3 2 -2 5 -5 -1
right_child=1 -3 -4 4 -6 -7
leaf_value=0.001149046348671837 -0.010227332621373028 0.02164444532981314 -0.042689857016290585 0.019589398629859242 -0.045962518409437166 -0.026408392183875685
leaf_weight=675.65508884191513 4316.6259608119726 613.32969343662262 492.00182954967022 2923.682182520628 32.472220420837402 198.56398567557335
leaf_count=2759 18686 2516 2540 11810 153 883
internal_value=-6.97595e-05 -0.00955412 -0.013557 0.0133446 0.018854 -0.00513318
internal_weight=9252.33 5421.96 4808.63 3830.37 2956.15 874.219
internal_count=39347 23742 21226 15605 11963 3642
cat_boundaries=0 1
cat_threshold=856138
is_linear=0
shrinkage=0.05


Tree=16
num_leaves=7
num_cat=0
split_feature=6 6 7 7 7 5
split_gain=418.147 128.401 122.537 88.3477 85.8665 40.9963
threshold=0.86901690971308121 1.5849902526906698 6.5000000000000009 72.500000000000014 66.500000000000014 2.0382489833601967
decision_type=2 2 2 2 2 2
left_child=2 3 -1 -2 -4 -3
right_child=1 5 4 -5 -6 -7
leaf_value=0.023330834171362967 0.0049762295605729374 0.026683667707643355 -0.012396819496744477 -0.033912951532948508 -0.033331462599474601 0.010145976406001652
leaf_weight=205.95628161728382 4123.2243357002735 967.52502405643463 2575.1472898572683 150.41256380081177 604.74536119401455 614.25723783671856
leaf_count=868 17341 3948 10997 757 2957 2507
internal_value=1.90945e-05 0.00810639 -0.0139652 0.00359989 -0.0163874 0.020272
internal_weight=9241.27 5855.42 3385.85 4273.64 3179.89 1581.78
internal_count=39375 24553 14822 18098 13954 6455
is_linear=0
shrinkage=0.05


Tree=17
num_leaves=7
num_cat=0
split_feature=6 7 0 6 7 5
split_gain=377.334 125.616 96.976 84.3978 56.9093 33.7481
threshold=0.97599332194243826 6.5000000000000009 3.995503676192556 1.8160802914481033 72.500000000000014 0.93989666238881209
decision_type=2 2 2 2 2 2
left_child=1 -1 -3 4 -2 -5
right_child=3 2 -4 5 -6 -7
leaf_value=0.021795408267792304 0.0075423756358519852 0.0078914919740429492 -0.015715722190512132 0.030306253517381296 -0.026973782269119263 0.011673137020992951
leaf_weight=280.11357228457928 3772.6730985045433 496.02537715435028 3505.3607707470655 594.51008094847202 122.36029730737209 413.77063371241093
leaf_count=1178 15731 2037 15541 2408 615 1679
internal_value=0.000323171 -0.0105209 -0.0127881 0.00979226 0.00645142 0.0226789
internal_weight=9184.81 4281.5 4001.39 4903.31 3895.03 1008.28
internal_count=39189 18756 17578 20433 16346 4087
is_linear=0
shrinkage=0.05


Tree=18
num_leaves=7
num_cat=1
split_feature=8 6 6 3 6 3
split_gain=466.959 248.997 143.06 120.714 57.5207 54.4483
threshold=0 1.3784421564754676 0.72965597701861451 15.125000000000002 2.1660646051134393 15.708333333333334
decision_type=1 2 2 2 2 2
left_child=2 3 -1 -2 -3 -4
right_child=1 4 5 -5 -6 -7
leaf_value=-0.0046954812211164659 -0.014937692313200593 0.0017645238673438613 0.016946597324591958 -0.045285365662325702 0.026697550055827735 -0.03115853079951092
leaf_weight=1075.3344098478556 3019.12013438344 893.00880409777164 3466.7773540467024 367.01069416105747 311.2639267295599 58.953573256731033
leaf_count=4564 13302 3731 14088 2008 1262 292
internal_value=-2.16365e-06 -0.0112715 0.0112412 -0.0182394 0.00822567 0.0161336
internal_weight=9191.47 4590.4 4601.07 3386.13 1204.27 3525.73
internal_count=39247 20303 18944 15310 4993 14380
cat_boundaries=0 1
cat_threshold=1003594
is_linear=0
shrinkage=0.05


Tree=19
num_leaves=7
num_cat=0
split_feature=6 3 3 3 6 3
split_gain=321.353 113.032 73.4482 70.9847 68.1347 25.522
threshold=0.97599332194243826 15.208333333333334 15.458333333333334 10.458333333333334 1.837023333825581 15.625000000000002
decision_type=2 2 2 2 2 2
left_child=1 3 4 -1 -2 -3
right_child=2 5 -4 -5 -6 -7
leaf_value=0.015075682290605553 0.007009731195130227 -0.023324648557280364 -0.02430046708378061 -0.0089162309701774304 0.021875082492483832 -0.046428349043565853
leaf_weight=338.27748170495033 3792.5621091276407 358.38025961816311 160.10059933364391 3385.2298446297646 967.11560864746571 182.22135452926159
leaf_count=1419 15796 1792 801 14612 3900 973
internal_value=0.000205554 -0.00983953 0.00891213 -0.00673312 0.0100342 -0.0311836
internal_weight=9183.89 4264.11 4919.78 3723.51 4759.68 540.602
internal_count=39293 18796 20497 16031 19696 2765
is_linear=0
shrinkage=0.05


Tree=20
num_leaves=7
num_cat=2
split_feature=8 6 6 8 3 3
split_gain=374.821 176.829 143.845 81.609 70.6921 65.807
threshold=0 0.86901690971308121 1.3475070364886637 1 9.6250000000000018 15.458333333333334
decision_type=1 2 2 1 2 2
left_child=2 3 4 -2 -1 -3
right_child=1 5 -4 -5 -6 -7
leaf_value=0.024976101818536923 0.0059773539496438292 0.014159832283195079 0.0025172669656589076 -0.012774919974977962 -0.024369648414407044 -0.020568316200238815
leaf_weight=74.634634673595428 1045.8697548508644 3879.1838338375092 802.53486452996731 1280.9532184153795 1932.4965896010399 140.53022296726704
leaf_count=323 4345 15851 3346 5707 8967 696
internal_value=-0.000148786 0.00658186 -0.015318 -0.00437633 -0.0225232 0.0129409
internal_weight=9156.2 6346.54 2809.67 2326.82 2007.13 4019.71
internal_count=39235 26599 12636 10052 9290 16547
cat_boundaries=0 1 2
cat_threshold=62959233 786506
is_linear=0
shrinkage=0.05


Tree=21
num_leaves=7
num_cat=0
split_feature=3 0 3 0 3 3
split_gain=213.891 124.186 99.1031 30.1504 21.2152 15.0659
threshold=15.208333333333334 3.8556902286221697 10.708333333333334 5.6037500042047634 9.8750000000000018 15.625000000000002
decision_type=2 2 2 2 2 2
left_child=1 4 -3 5 -1 -2
right_child=3 2 -4 -5 -6 -7
leaf_value=0.032462309862321584 -0.0046822105769497501 0.013289213069965215 -0.0047682141652643567 -0.033089203574606013 0.010251378507044559 -0.027650090775475492
leaf_weight=111.77604649960995 198.05404090881348 896.42859281599522 4955.1215677112341 478.45417861640453 2425.5715233683586 111.11242543160915
leaf_count=452 912 3730 21328 2547 9834 572
internal_value=-0.000334049 0.0020061 -0.00200011 -0.0252297 0.0112422 -0.0129993
internal_weight=9176.52 8388.9 5851.55 787.621 2537.35 309.166
internal_count=39375 35344 25058 4031 10286 1484
is_linear=0
shrinkage=0.05


Tree=22
num_leaves=7
num_cat=3
split_feature=8 6 8 6 3 8
split_gain=395.366 199.504 107.662 94.0514 63.6417 50.1086
threshold=0 0.72965597701861451 1 0.72586902640381423 10.708333333333334 2
decision_type=1 2 1 2 2 1
left_child=3 4 -3 -1 -2 -5
right_child=1 2 -4 5 -6 -7
leaf_value=-0.0028620682235958005 0.015823352881645363 0.0026794404487038861 -0.014081362262313865 0.022063999786844493 -0.032581793608203541 0.0093542231633865318
leaf_weight=964.9340705871582 72.348946496844292 2160.0563596487045 1709.3090561181307 1397.9620086997747 984.84021888673306 1862.5332269370556
leaf_count=4091 309 9313 7633 5652 4720 7595
internal_value=-0.00038443 -0.00999825 -0.0047559 0.0108224 -0.0292574 0.0149051
internal_weight=9151.98 4926.55 3869.37 4225.43 1057.19 3260.5
internal_count=39313 21975 16946 17338 5029 13247
cat_boundaries=0 1 2 3
cat_threshold=1904714 4343092 786496
is_linear=0
shrinkage=0.05


Tree=23
num_leaves=7
num_cat=3
split_feature=8 3 3 8 8 3
split_gain=362.766 111.551 110.099 84.0855 65.6931 20.3337
threshold=0 15.458333333333334 14.958333333333334 1 2 15.79166666666667
decision_type=1 2 2 1 1 2
left_child=1 4 3 -2 -1 -3
right_child=2 5 -4 -5 -6 -7
leaf_value=0.018347595894807504 -0.001709637305062024 -0.014368820790623217 -0.036013662976226345 -0.017740441534042365 0.0062623882655182764 -0.046136450275822916
leaf_weight=1705.1051661521196 1918.6486147195101 218.57336044311523 410.79640120267868 1427.1390475034714 3383.5782470554113 65.15996441245079
leaf_count=6881 8315 1085 2312 6367 14004 342
internal_value=0.000317049 0.00864454 -0.0115837 -0.00860892 0.010363 -0.0218007
internal_weight=9129 5372.42 3756.58 3345.79 5088.68 283.733
internal_count=39306 22312 16994 14682 20885 1427
cat_boundaries=0 1 2 3
cat_threshold=2052186 4197669 786496
is_linear=0
shrinkage=0.05


Tree=24
num_leaves=7
num_cat=2
split_feature=8 6 6 6 7 8
split_gain=318.293 153.911 118.984 74.5982 64.2269 54.0949
threshold=0 0.87346403164240127 0.72965597701861451 2.3130433228553451 7.5000000000000009 1
decision_type=1 2 2 2 2 1
left_child=2 4 -1 -3 -2 -4
right_child=1 3 5 -5 -6 -7
leaf_value=-0.0055044692515377192 0.014908264836813854 -0.0061975434871688554 0.022350254223565545 0.025013829683171451 -0.02792206283423028 0.0088494954936463015
leaf_weight=1241.0715079307556 93.76369009912014 2221.0353587269783 986.07668980956078 208.50898450613022 1205.9766672998667 3164.9815863072872
leaf_count=5357 403 9796 3989 844 5891 13041
internal_value=0.000299784 -0.0109134 0.00806085 -0.00350972 -0.0248232 0.0121363
internal_weight=9121.41 3729.28 5392.13 2429.54 1299.74 4151.06
internal_count=39321 16934 22387 10640 6294 17030
cat_boundaries=0 1 2
cat_threshold=2052186 524352
is_linear=0
shrinkage=0.05


Tree=25
num_leaves=7
num_cat=1
split_feature=8 6 6 3 6 3
split_gain=271.003 146.81 106.278 79.1758 71.6425 51.2
threshold=0 0.95089742516446341 0.58451487781421241 15.708333333333334 2.0149081359602095 15.125000000000002
decision_type=1 2 2 2 2 2
left_child=2 5 -1 -4 -3 -2
right_child=1 4 3 -5 -6 -7
leaf_value=-0.014204545457961713 -0.018391399861028009 -0.0054885620054970982 0.010547672532383331 -0.035955109741859448 0.020052329837047383 -0.046167378930446548
leaf_weight=514.48995625972748 1388.0593670159578 1797.8084647059441 4809.6854361593723 92.352603048086166 323.02276974916458 188.20313201844692
leaf_count=2243 6470 7905 19757 491 1310 1192
internal_value=0.000263918 -0.0101554 0.0073814 0.00966442 -0.00159082 -0.021735
internal_weight=9113.62 3697.09 5416.53 4902.04 2120.83 1576.26
internal_count=39368 16877 22491 20248 9215 7662
cat_boundaries=0 1
cat_threshold=2052186
is_linear=0
shrinkage=0.05


Tree=26
num_leaves=7
num_cat=1
split_feature=8 6 7 6 7 6
split_gain=276.734 164.633 95.5587 63.4977 43.3873 35.8432
threshold=0 1.3784421564754676 4.5000000000000009 0.80850675813279971 73.500000000000014 2.3130433228553451
decision_type=1 2 2 2 2 2
left_child=3 2 -2 4 -1 -3
right_child=1 5 -4 -5 -6 -7
leaf_value=0.0027251639016684114 0.016299225821338706 0.0028587463445522449 -0.015162619842696373 0.014341284644365713 -0.038834664581737767 0.022628384623434628
leaf_weight=1131.9132023155689 257.75885558128357 1102.0577028393745 3624.1435597836971 2594.2001719623804 65.484801858663559 288.62699513137341
leaf_count=4688 1101 4584 16866 10497 334 1164
internal_value=-0.000366014 -0.00776782 -0.0130699 0.00992058 0.000421779 0.00697511
internal_weight=9064.19 5272.59 3881.9 3791.6 1197.4 1390.68
internal_count=39234 23715 17967 15519 5022 5748
cat_boundaries=0 1
cat_threshold=856138
is_linear=0
shrinkage=0.05


Tree=27
num_leaves=7
num_cat=2
split_feature=8 6 6 8 3 5
split_gain=227.122 144.296 119.181 97.1003 64.0377 29.588
threshold=0 1.1115608958254068 2.0149081359602095 1 14.625000000000002 0.64529981386026491
decision_type=1 2 2 1 2 2
left_child=2 3 4 -2 -1 -3
right_child=1 5 -4 -5 -6 -7
leaf_value=-0.013013996029405176 0.0075785174996346738 0.018114711131168956 0.020890320745458928 -0.0084662964232065201 -0.036044123194988995 0.0078456161579421018
leaf_weight=1822.7038786709309 1636.2316107451916 1491.8459476679564 230.61532557010651 2195.6414096802473 361.4798981398344 1328.1070760339499
leaf_count=8239 6744 6103 934 9830 2061 5429
internal_value=-7.59622e-05 0.00469345 -0.0131752 -0.0016172 -0.0168402 0.0132828
internal_weight=9066.63 6651.83 2414.8 3831.87 2184.18 2819.95
internal_count=39340 28106 11234 16574 10300 11532
cat_boundaries=0 1 2
cat_threshold=62958209 786506
is_linear=0
shrinkage=0.05


Tree=28
num_leaves=7
num_cat=1
split_feature=8 7 6 6 7 6
split_gain=257.369 113.154 99.3387 83.1289 44.6569 40.6835
threshold=0 71.500000000000014 1.2793021886152964 0.83134560469689511 61.500000000000007 2.3674049822269123
decision_type=1 2 2 2 2 2
left_child=2 3 4 -2 -1 -4
right_child=1 -3 5 -5 -6 -7
leaf_value=-0.017178187777760499 -0.0019049675004834414 -0.023445688627694319 -0.0050002772358138659 0.010491647193894565 -0.038492392711970559 0.024155033503662313
leaf_weight=1296.7206753194332 1972.2508538216352 329.01699782907963 675.45811188220978 4299.5791126042604 303.66933657228947 144.36542367935181
leaf_count=6041 8501 1744 2883 17637 1806 582
internal_value=-2.96394e-05 0.00508537 -0.01394 0.0065937 -0.021244 0.00015695
internal_weight=9021.06 6600.85 2420.21 6271.83 1600.39 819.824
internal_count=39194 27882 11312 26138 7847 3465
cat_boundaries=0 1
cat_threshold=62958209
is_linear=0
shrinkage=0.05


Tree=29
num_leaves=7
num_cat=1
split_feature=8 3 6 3 6 3
split_gain=229.655 152.727 92.4463 59.8965 42.2178 27.3411
threshold=0 14.625000000000002 1.3784421564754676 15.625000000000002 0.58451487781421241 15.458333333333334
decision_type=1 2 2 2 2 2
left_child=3 2 -2 4 -1 -3
right_child=1 5 -4 -5 -6 -7
leaf_value=-0.0058518841061665182 -0.0083449133777588596 -0.022222326447150418 0.0082560727928114846 -0.024120996288224575 0.011482820575633655 -0.043981388621150391
leaf_weight=387.67734257876873 2833.6636879593134 552.3508976995945 1190.0322688221931 133.26426549255848 3680.4456575214863 197.37157313525677
leaf_count=1637 12735 2889 4889 689 14944 1263
internal_value=0.000213588 -0.00728264 -0.00343424 0.00872671 0.00982985 -0.0280016
internal_weight=8974.81 4773.42 4023.7 4201.39 4068.12 749.722
internal_count=39046 21776 17624 17270 16581 4152
cat_boundaries=0 1
cat_threshold=1904714
is_linear=0
shrinkage=0.05


Tree=30
num_leaves=7
num_cat=2
split_feature=8 6 8 6 6 3
split_gain=233.609 123.348 97.4572 53.1623 36.6565 29.4684
threshold=0 1.1263968756844747 1 0.73306535431376552 2.1660646051134393 10.375000000000002
decision_type=1 2 1 2 2 2
left_child=3 2 -2 5 -5 -1
right_child=1 -3 -4 4 -6 -7
leaf_value=0.017490018147842911 0.014209645379974946 0.011085111012217069 -0.0054317724974828098 -0.016123737508144047 0.012828050968864061 -0.040603841980931754
leaf_weight=23.044111922383308 755.19857481122017 3078.6286421567202 3589.7573690414429 1110.8497180789709 120.51208671927452 291.62151591479778
leaf_count=101 3107 12645 16017 5222 486 1560
internal_value=-0.000263359 0.00342547 -0.00199521 -0.0178734 -0.0132821 -0.0363075
internal_weight=8969.61 7423.58 4344.96 1546.03 1231.36 314.666
internal_count=39138 31769 19124 7369 5708 1661
cat_boundaries=0 1 2
cat_threshold=58761856 524352
is_linear=0
shrinkage=0.05


Tree=31
num_leaves=7
num_cat=3
split_feature=8 7 8 8 7 2
split_gain=175.388 128.473 73.081 37.8214 33.6937 29.8811
threshold=0 68.500000000000014 1 2 1.0000000180025095e-35 4.7851800342051334
decision_type=1 2 1 1 2 2
left_child=4 2 -2 -3 -1 -6
right_child=1 3 -4 -5 5 -7
leaf_value=0.042895498714491262 0.013249153134551751 -0.0027496489663168429 0.001946885717999648 -0.028613435481555722 -0.016053462876557217 0.016124365882493587
leaf_weight=24.815109595656395 2098.0250419974327 248.17206129431725 4482.5229056626558 355.11719152331352 1713.3003375530243 74.544962733983994
leaf_count=107 8472 1172 19020 1980 8230 329
internal_value=3.4196e-05 0.00354458 0.00557485 -0.0185151 -0.0138156 -0.0147035
internal_weight=8996.5 7183.84 6580.55 603.289 1812.66 1787.85
internal_count=39310 30644 27492 3152 8666 8559
cat_boundaries=0 1 2 3
cat_threshold=58763904 786498 1638472
is_linear=0
shrinkage=0.05


Tree=32
num_leaves=7
num_cat=0
split_feature=6 3 6 3 3 2
split_gain=154.351 61.8927 56.7068 52.9122 37.9616 15.9309
threshold=0.72965597701861451 15.458333333333334 1.837023333825581 15.208333333333334 10.54166666666667 0.81163004487341761
decision_type=2 2 2 2 2 2
left_child=3 2 -2 4 -1 -5
right_child=1 -3 -4 5 -6 -7
leaf_value=0.016587148048722865 0.0023314187933823967 -0.020811711707205655 0.015504588856949917 0.020412194971616573 -0.011414389232310758 -0.034969142267592179
leaf_weight=130.58268213272095 5789.8856642246246 255.97729821503162 950.26542495191097 13.00323013961315 1526.3314424604177 274.77294175326824
leaf_count=544 24738 1449 3840 69 6891 1600
internal_value=-0.000190885 0.00327303 0.00419067 -0.0126478 -0.00919889 -0.0324047
internal_weight=8940.82 6996.13 6740.15 1944.69 1656.91 287.776
internal_count=39131 30027 28578 9104 7435 1669
is_linear=0
shrinkage=0.05


Tree=33
num_leaves=7
num_cat=3
split_feature=8 7 7 7 8 8
split_gain=201.824 102.634 74.4481 46.5545 36.576 13.0855
threshold=0 67.500000000000014 6.5000000000000009 75.500000000000014 1 2
decision_type=1 2 2 2 1 1
left_child=3 2 -2 4 -1 -3
right_child=1 5 -4 -5 -6 -7
leaf_value=0.020003582347440825 0.016758306020124989 0.00010215756722989213 -0.0060772597777060114 -0.040761096548533375 0.0070732470117211401 -0.032117006747021726
leaf_weight=670.16443359851837 387.6691897213459 44.058228269219398 4373.3455773442984 45.74830150604248 3077.9272804707289 389.91296783834696
leaf_count=2738 1637 222 19465 252 12595 2474
internal_value=6.98418e-05 -0.00632754 -0.00421473 0.0088227 0.00946215 -0.0295893
internal_weight=8988.83 5194.99 4761.01 3793.84 3748.09 433.971
internal_count=39383 23798 21102 15585 15333 2696
cat_boundaries=0 1 2 3
cat_threshold=856138 64 1048576
is_linear=0
shrinkage=0.05


Tree=34
num_leaves=7
num_cat=3
split_feature=8 6 8 6 8 6
split_gain=158.616 111.259 62.6906 49.3691 38.5755 28.7869
threshold=0 0.86901690971308121 1 0.97599332194243826 2 2.2638555409897321
decision_type=1 2 1 2 1 2
left_child=3 2 -2 -1 -3 -5
right_child=1 4 -4 5 -6 -7
leaf_value=-0.027434643266820026 -0.016869798020144069 0.012455806135009625 -0.00043120126929272032 -0.011669642638528668 0.0033962552351349917 0.017278259304406809
leaf_weight=565.35227941721678 823.31885126978159 2004.7018252313137 1916.3085198402405 632.46394869685173 2882.2102190554142 98.447143495082855
leaf_count=2977 4136 8195 8271 2900 12277 397
internal_value=-0.00013271 0.00262223 -0.00543885 -0.016226 0.00714687 -0.00775234
internal_weight=8922.8 7626.54 2739.63 1296.26 4886.91 730.911
internal_count=39153 32879 12407 6274 20472 3297
cat_boundaries=0 1 2 3
cat_threshold=58729088 4228405 786522
is_linear=0
shrinkage=0.05


Tree=35
num_leaves=7
num_cat=3
split_feature=8 6 6 8 8 6
split_gain=157.223 98.4025 70.7692 54.1042 51.8819 34.7995
threshold=0 0.7070532406529958 0.73306535431376552 1 2 2.3130433228553451
decision_type=1 2 2 1 1 2
left_child=2 4 -1 -3 -2 -4
right_child=1 3 5 -5 -6 -7
leaf_value=-0.032662315641688346 -0.021807870902028861 0.013387234257928794 -0.010554345118433893 0.0029343612100363077 -0.0015532182542309864 0.016596982589270236
leaf_weight=368.33505183458328 467.76383999735117 1821.6103150546551 1328.7185629978776 3877.2442860975862 951.46292009204626 128.61565561592579
leaf_count=2026 2283 7428 6306 16564 4178 518
internal_value=6.81337e-06 0.00336753 -0.013038 0.00630597 -0.00840411 -0.00814839
internal_weight=8943.75 7118.08 1825.67 5698.85 1419.23 1457.33
internal_count=39303 30453 8850 23992 6461 6824
cat_boundaries=0 1 2 3
cat_threshold=62956160 786498 135477
is_linear=0
shrinkage=0.05


Tree=36
num_leaves=7
num_cat=3
split_feature=8 3 3 3 8 8
split_gain=140.511 105.358 88.3956 38.0213 33.8033 29.1324
threshold=0 10.04166666666667 15.125000000000002 15.79166666666667 1 2
decision_type=1 2 2 2 1 1
left_child=3 5 -3 4 -1 -2
right_child=1 2 -4 -5 -6 -7
leaf_value=0.017982948714056597 -0.0077895176042224309 -0.0054013573954319917 -0.029422804370565769 -0.038320490981852112 0.0055297503011093258 0.025698071669942976
leaf_weight=663.7217757999897 80.747900292277336 4318.4231307953596 419.35481841862202 44.22060526907444 3059.095177590847 314.51030869781971
leaf_count=2717 347 19337 2678 248 12527 1321
internal_value=-7.53818e-05 -0.00545262 -0.00753333 0.00724648 0.00781734 0.0193064
internal_weight=8900.07 5133.04 4737.78 3767.04 3722.82 395.258
internal_count=39175 23683 22015 15492 15244 1668
cat_boundaries=0 1 2 3
cat_threshold=856138 64 25166208
is_linear=0
shrinkage=0.05


Tree=37
num_leaves=7
num_cat=3
split_feature=6 8 8 8 5 6
split_gain=135.955 114.801 72.8785 49.6658 34.1632 31.3666
threshold=0.97599332194243826 0 1 2 -18.790910106688735 2.0149081359602095
decision_type=2 1 1 1 2 2
left_child=1 -1 5 -3 -4 -2
right_child=2 3 4 -5 -6 -7
leaf_value=-0.020627727032618472 -0.0079528762458970139 0.016442874596769626 0.033265700867291151 -0.004173556005169137 0.0080660368612268264 0.012371103864983544
leaf_weight=1125.7882733866572 1139.5477169752121 318.13413690030575 139.23333978652954 2600.8118839561939 3365.6449937820435 226.82180631160736
leaf_count=5849 5154 1311 583 11588 13903 918
internal_value=-0.000377905 -0.00715272 0.00524772 -0.00187329 0.0090505 -0.00453925
internal_weight=8915.98 4044.73 4871.25 2918.95 3504.88 1366.37
internal_count=39306 18748 20558 12899 14486 6072
cat_boundaries=0 1 2 3
cat_threshold=62924436 59812481 64
is_linear=0
shrinkage=0.05


Tree=38
num_leaves=7
num_cat=1
split_feature=8 6 6 6 7 7
split_gain=120.334 76.8756 61.2055 40.27 39.6604 37.8108
threshold=0 0.77740006756899616 0.58451487781421241 2.3130433228553451 74.500000000000014 66.500000000000014
decision_type=1 2 2 2 2 2
left_child=2 -2 5 -3 -4 -1
right_child=1 3 4 -5 -6 -7
leaf_value=-0.0040238702591951147 -0.018619760546256092 -0.0041735566473600563 0.0077528814381049721 0.017230498386407254 -0.028082144903023954 -0.037664204433743645
leaf_weight=350.72161272168159 975.91482087224722 2823.0565453320742 4308.1715209707618 237.30869959294796 77.661025002598763 108.76388262957335
leaf_count=1482 5131 12865 17785 956 445 570
internal_value=-2.47707e-05 -0.00639197 0.00528179 -0.00250874 0.00711208 -0.0120513
internal_weight=8881.6 4036.28 4845.32 3060.37 4385.83 459.485
internal_count=39234 18952 20282 13821 18230 2052
cat_boundaries=0 1
cat_threshold=1003598
is_linear=0
shrinkage=0.05


Tree=39
num_leaves=7
num_cat=1
split_feature=8 3 6 6 6 3
split_gain=113.35 91.1688 63.6769 32.0833 22.2622 20.0113
threshold=0 15.625000000000002 0.58901788256129761 0.73306535431376552 2.1660646051134393 10.375000000000002
decision_type=1 2 2 2 2 2
left_child=3 2 -2 5 -5 -1
right_child=1 -3 -4 4 -6 -7
leaf_value=0.017523978034965717 -0.011478817517365049 -0.030548998041623761 0.0048336934498313796 -0.011608704333538453 0.010665787323629458 -0.031963567781539547
leaf_weight=21.559062361717224 657.8350248709321 203.17578881233931 6509.2525232210755 1062.8373960703611 124.61214904487133 257.59844915568829
leaf_count=95 3025 1240 27532 5163 502 1514
internal_value=-0.000137123 0.0023937 0.00333505 -0.0127777 -0.00926419 -0.0280928
internal_weight=8836.87 7370.26 7167.09 1466.61 1187.45 279.158
internal_count=39071 31797 30557 7274 5665 1609
cat_boundaries=0 1
cat_threshold=58761856
is_linear=0
shrinkage=0.05


Tree=40
num_leaves=7
num_cat=1
split_feature=8 6 3 6 5 4
split_gain=104.298 82.232 66.2413 36.4112 36.4104 26.7491
threshold=0 1.2128964050651916 10.208333333333334 0.97599332194243826 -8.7073372742507953 -12.979573959863052
decision_type=1 2 2 2 2 2
left_child=3 2 -2 -1 -3 -5
right_child=1 4 -4 5 -6 -7
leaf_value=-0.023116249354247612 0.018763333082839985 0.022644582909087947 -0.0032208243750487505 0.029640275778092525 0.0067892883294318838 -0.0085020015351612837
leaf_weight=536.34824892878532 369.86138144135475 429.35861507058144 4504.094932936132 48.377309717237949 2295.3270622044802 669.35095193237066
leaf_count=2982 1530 1771 20202 240 9437 3039
internal_value=0.000127286 0.00233706 -0.00154904 -0.013167 0.00929517 -0.00589342
internal_weight=8852.72 7598.64 4873.96 1254.08 2724.69 717.728
internal_count=39201 32940 21732 6261 11208 3279
cat_boundaries=0 1
cat_threshold=58729088
is_linear=0
shrinkage=0.05


Tree=41
num_leaves=7
num_cat=2
split_feature=8 6 3 3 8 6
split_gain=103.452 75.219 59.7746 31.9142 31.4706 29.6259
threshold=0 0.95089742516446341 10.04166666666667 15.79166666666667 1 1.9589466765775498
decision_type=1 2 2 2 1 2
left_child=3 2 -2 4 -1 -3
right_child=1 5 -4 -5 -6 -7
leaf_value=0.01262824047867587 0.016919877229282246 -0.002319081689747302 -0.015449051925682101 -0.035986740978587763 0.0030753141143512199 0.011573424157728281
leaf_weight=1243.498128503561 154.23150286078453 2299.430821403861 1779.6814177557826 44.716913484036922 2832.3960054367781 459.58624386787415
leaf_count=5107 664 10178 9277 268 11723 1859
internal_value=-0.000220821 -0.00529082 -0.0128602 0.00555261 0.00603068 -1.56776e-06
internal_weight=8813.54 4692.93 1933.91 4120.61 4075.89 2759.02
internal_count=39076 21978 9941 17098 16830 12037
cat_boundaries=0 1 2
cat_threshold=987210 524352
is_linear=0
shrinkage=0.05


Tree=42
num_leaves=7
num_cat=0
split_feature=6 3 4 3 5 5
split_gain=93.9848 63.5035 39.7743 36.5384 32.7735 25.6518
threshold=0.97599332194243826 15.625000000000002 -9.0368097769329925 9.8750000000000018 -17.857530433018862 -1.1769460979220672
decision_type=2 2 2 2 2 2
left_child=1 3 5 -1 -4 -2
right_child=2 -3 4 -5 -6 -7
leaf_value=0.013296920517548997 0.02855077933295351 -0.038138594343069293 0.0232260314420237 -0.0057313415175133864 0.0020329710721211439 0.0079337032593068419
leaf_weight=270.39058443903923 258.33337400853634 143.69257677346468 190.09743092209101 3593.4501425325871 4026.7212190032005 363.41842594742775
leaf_count=1133 1121 979 814 16686 16950 1592
internal_value=4.64897e-05 -0.0056157 0.00473638 -0.00439665 0.00299365 0.016532
internal_weight=8846.1 4007.53 4838.57 3863.84 4216.82 621.752
internal_count=39275 18798 20477 17819 17764 2713
is_linear=0
shrinkage=0.05


Tree=43
num_leaves=7
num_cat=3
split_feature=8 3 8 8 6 3
split_gain=116.889 73.6505 40.462 35.8557 35.2903 28.1168
threshold=0 14.625000000000002 1 2 1.3475070364886637 14.958333333333334
decision_type=1 2 1 1 2 2
left_child=4 3 -3 -2 5 -1
right_child=1 2 -4 -5 -6 -7
leaf_value=-0.012738612870480302 0.017268051250058421 -0.00012206372220447115 -0.019008148458769605 0.0038740675102307723 -0.00090767218104016202 -0.035257896272229632
leaf_weight=1239.8524136096239 546.48965287208557 634.86016757786274 508.69370874017477 5117.1918651759624 616.3017572760582 155.62428843230009
leaf_count=6139 2234 2852 2816 21365 2623 1165
internal_value=-0.000266759 0.00286533 -0.00869968 0.0052066 -0.0108214 -0.0152734
internal_weight=8819.01 6807.24 1143.55 5663.68 2011.78 1395.48
internal_count=39194 29267 5668 23599 9927 7304
cat_boundaries=0 1 2 3
cat_threshold=58762881 1900618 64
is_linear=0
shrinkage=0.05


Tree=44
num_leaves=7
num_cat=0
split_feature=3 6 4 3 5 6
split_gain=94.4109 75.5385 45.8968 28.1724 13.2265 16.3553
threshold=15.458333333333334 0.72965597701861451 -11.95127367504009 9.5416666666666696 -3.143753810580447 0.97599332194243826
decision_type=2 2 2 2 2 2
left_child=1 3 -3 -1 5 -2
right_child=4 2 -4 -5 -6 -7
leaf_value=0.031090767189672599 -0.023993616392494976 0.016963877101370563 0.0027522657786172131 -0.0086828310867053619 -0.031492546491690351 0.011231751946184055
leaf_weight=44.768552631139755 96.084354430437088 625.87255021929741 6069.4492874667048 1684.6899057403207 227.97213868051767 49.15196980535984
leaf_count=185 647 2792 25858 7956 1449 273
internal_value=0.000585416 0.00167677 0.00408309 -0.00763588 -0.0239894 -0.0120771
internal_weight=8797.99 8424.78 6695.32 1729.46 373.208 145.236
internal_count=39160 36791 28650 8141 2369 920
is_linear=0
shrinkage=0.05


Tree=45
num_leaves=7
num_cat=2
split_feature=8 3 8 4 3 6
split_gain=89.6088 86.6518 48.7372 26.7783 24.0904 19.5084
threshold=0 14.625000000000002 1 -13.433003884005142 15.79166666666667 0.61637429110056174
decision_type=1 2 1 2 2 2
left_child=4 2 -2 -3 5 -1
right_child=1 3 -4 -5 -6 -7
leaf_value=-0.0034375222593914356 -0.015988151845785902 -0.0017618062093756202 0.00055930684049392779 -0.022130786881706555 -0.037433548675251067 0.0093400597920224506
leaf_weight=340.36227639019489 481.01709996163845 207.81157807260752 4652.0964253097773 723.64854927361012 28.831871956586838 2414.1248805224895
leaf_count=1442 2298 1236 20223 4141 177 9883
internal_value=-0.000157761 -0.00356563 -0.0010242 -0.0175932 0.00725302 0.0077605
internal_weight=8847.89 6064.57 5133.11 931.46 2783.32 2754.49
internal_count=39400 27898 22521 5377 11502 11325
cat_boundaries=0 1 2
cat_threshold=786506 25165952
is_linear=0
shrinkage=0.05


Tree=46
num_leaves=7
num_cat=1
split_feature=8 6 3 3 6 4
split_gain=92.1815 74.1848 52.5059 33.2299 34.0554 27.6802
threshold=0 1.2128964050651916 15.458333333333334 10.04166666666667 0.70274107406582587 -9.0368097769329925
decision_type=1 2 2 2 2 2
left_child=3 2 -2 -1 -5 -3
right_child=1 5 -4 4 -6 -7
leaf_value=0.011622408727722097 -5.7409067210477627e-05 0.0249954485675721 -0.02370933738842769 -0.029562933280384885 -0.0094208339808118154 0.0075744354915432428
leaf_weight=154.30955101549625 4324.9494090229273 252.62044841051102 247.10825949907303 249.11864810436964 1317.9063914865255 2285.8233083486557
leaf_count=674 18729 1049 1582 1551 6440 9374
internal_value=-5.48461e-05 0.00246155 -0.00134064 -0.0103989 -0.0126397 0.0093173
internal_weight=8831.84 7110.5 4572.06 1721.33 1567.03 2538.44
internal_count=39399 30734 20311 8665 7991 10423
cat_boundaries=0 1
cat_threshold=58761857
is_linear=0
shrinkage=0.05


Tree=47
num_leaves=7
num_cat=1
split_feature=8 3 3 3 4 0
split_gain=80.4147 68.5865 39.7045 30.2346 25.7949 16.9422
threshold=0 15.458333333333334 10.208333333333334 15.79166666666667 -16.442722328144413 2.1930458849380274
decision_type=1 2 2 2 2 2
left_child=3 2 -2 4 -1 -5
right_child=1 -3 -4 5 -6 -7
leaf_value=0.021462221004963995 0.010423142707483492 -0.035300522273378557 -0.0049776327013824253 0.070992621364048644 0.0044467405324802988 -0.047036776654606358
leaf_weight=235.76658502221107 465.26892854273319 174.01298324018717 4088.5499039441347 2.4274906963109961 3786.2699879705906 36.762636713683605
leaf_count=1013 1961 1327 18997 14 15687 239
internal_value=-0.000146154 -0.00457377 -0.00340217 0.005007 0.00544925 -0.0381414
internal_weight=8789.06 4727.83 4553.82 4061.23 4022.04 39.1901
internal_count=39238 22285 20958 16953 16700 253
cat_boundaries=0 1
cat_threshold=1855562
is_linear=0
shrinkage=0.05


Tree=48
num_leaves=7
num_cat=3
split_feature=3 8 3 8 2 8
split_gain=69.6151 75.0328 41.7271 30.4347 28.3991 19.1112
threshold=10.708333333333334 0 15.125000000000002 1 1.4244230824125659 2
decision_type=2 1 2 1 2 1
left_child=4 3 -3 -2 -1 -6
right_child=1 2 -4 -5 5 -7
leaf_value=0.0042446266962222999 0.013002772729452067 -0.0061288760460305562 -0.026953971884856973 0.00071207228764673966 -0.0074302697320697692 0.020881867070867713
leaf_weight=906.42514400184155 571.40085940063 2664.7836149930954 263.57382144033909 3758.3006402552128 66.088560238480568 559.11792895197868
leaf_count=3763 2378 12544 1950 16045 286 2306
internal_value=0.000224247 -0.00182017 -0.00798459 0.00236295 0.00990715 0.0180968
internal_weight=8789.69 7258.06 2928.36 4329.7 1531.63 625.206
internal_count=39272 32917 14494 18423 6355 2592
cat_boundaries=0 1 2 3
cat_threshold=1922378 64 25165984
is_linear=0
shrinkage=0.05


Tree=49
num_leaves=7
num_cat=1
split_feature=8 6 5 3 6 3
split_gain=80.6355 56.9512 38.0617 30.9283 31.0204 29.6762
threshold=0 0.69090221437547716 -7.0948666678453076 9.5416666666666696 0.72965597701861451 15.208333333333334
decision_type=1 2 2 2 2 2
left_child=3 5 -3 -1 -5 -2
right_child=1 2 -4 4 -6 -7
leaf_value=0.042768422103194245 -0.0040184878223619392 0.01174111351527973 0.0022016113495546582 -0.024974481053652787 -0.0074165563376582221 -0.025460924111853613
leaf_weight=26.59112836420536 1094.7554122954607 1367.8644575327635 4430.9934133961797 307.30695939809084 1376.6193984150887 188.38114528357983
leaf_count=113 4866 5855 18789 1892 6654 1158
internal_value=-1.50734e-05 0.00234096 0.00445347 -0.00972222 -0.0106337 -0.00718389
internal_weight=8792.51 7081.99 5798.86 1710.52 1683.93 1283.14
internal_count=39327 30668 24644 8659 8546 6024
cat_boundaries=0 1
cat_threshold=58763904
is_linear=0
shrinkage=0.05


Tree=50
num_leaves=7
num_cat=2
split_feature=3 8 6 6 8 6
split_gain=74.4068 73.2971 45.4019 25.7287 18.0793 14.6585
threshold=15.458333333333334 0 0.58901788256129761 2.1660646051134393 1 0.6328364513326713
decision_type=2 1 2 2 1 2
left_child=1 3 -3 -1 5 -2
right_child=4 2 -4 -5 -6 -7
leaf_value=-0.014552763493439933 -0.035153980918032783 -0.0098770550239251735 0.0040714842606843415 0.013961817686087775 -0.029090365551858923 0.0069382836808160389
leaf_weight=861.54528443515301 26.492591232061386 637.26689268648624 6789.6999474391341 86.309157758951187 247.22167351841927 82.626034013926983
leaf_count=4435 159 2975 28981 347 1762 452
internal_value=0.000241932 0.00119518 0.00286961 -0.0118198 -0.0221022 -0.0032156
internal_weight=8731.16 8374.82 7426.97 947.854 356.34 109.119
internal_count=39111 36738 31956 4782 2373 611
cat_boundaries=0 1 2
cat_threshold=58728576 1867840
is_linear=0
shrinkage=0.05


Tree=51
num_leaves=7
num_cat=1
split_feature=8 3 4 0 3 5
split_gain=64.6663 49.7234 32.7555 25.0741 22.8256 18.8657
threshold=0 15.708333333333334 -7.8157408369982422 2.1930458849380274 14.625000000000002 -4.3659728199315966
decision_type=1 2 2 2 2 2
left_child=4 2 -2 -3 5 -1
right_child=1 3 -4 -5 -6 -7
leaf_value=0.0023579751793492273 0.0097998202825445042 0.076125244382880292 0.0013490476298394082 -0.035187178203868623 -0.020959892449503404 -0.0089557018868649061
leaf_weight=532.8942624181509 1468.86825812608 4.3860434889793387 5216.5414060950279 107.86460874974728 274.71784283965826 1190.6697743833065
leaf_count=2541 6454 24 22077 756 1919 5655
internal_value=0.000321724 0.002647 0.00320698 -0.030204 -0.00756108 -0.00545838
internal_weight=8795.94 6797.66 6685.41 112.251 1998.28 1723.56
internal_count=39426 29311 28531 780 10115 8196
cat_boundaries=0 1
cat_threshold=62958208
is_linear=0
shrinkage=0.05


Tree=52
num_leaves=7
num_cat=3
split_feature=8 6 8 8 6 2
split_gain=71.543 55.9183 35.6426 30.3498 28.0415 20.6439
threshold=0 0.62492961024203708 1 2 2.0509439032688594 4.3017368870557728
decision_type=1 2 1 1 2 2
left_child=4 3 -3 -2 5 -1
right_child=1 2 -4 -5 -6 -7
leaf_value=-0.014355678719835424 2.3799004017142061e-05 0.014821411565373189 0.0020146602627406423 -0.018679417355588677 0.010411677608695956 0.013782063888784175
leaf_weight=1240.2477458566427 404.84754750877619 589.52906654775143 5837.8739121630788 470.14250078052282 142.58586533367634 68.032223120331764
leaf_count=6586 1766 2454 25152 2427 577 306
internal_value=-0.000418763 0.00160071 0.00321762 -0.0102485 -0.0105157 -0.0128831
internal_weight=8753.26 7302.39 6427.4 874.99 1450.87 1308.28
internal_count=39268 31799 27606 4193 7469 6892
cat_boundaries=0 1 2 3
cat_threshold=58729089 64 1900616
is_linear=0
shrinkage=0.05


Tree=53
num_leaves=7
num_cat=3
split_feature=8 3 8 3 8 5
split_gain=58.8112 43.7154 39.9388 23.2157 18.1272 8.05798
threshold=0 9.8750000000000018 1 14.875000000000002 2 34.821414139550406
decision_type=1 2 1 2 1 2
left_child=3 5 -3 4 -1 -2
right_child=1 2 -4 -5 -6 -7
leaf_value=-0.017252722854873125 0.019216140567007843 0.0072830293781675857 -0.0016338422658299081 -0.025419069938470318 -0.0039519519463638757 -0.045607557592873285
leaf_weight=313.09258887171745 362.37696436047554 1681.7003969550133 4855.7272187098861 181.45274755358696 1337.3544231206179 3.9405984580516806
leaf_count=1552 1485 7008 21597 1348 6216 16
internal_value=-0.000506372 0.00161017 0.000669354 -0.00844207 -0.00661245 0.0183965
internal_weight=8735.64 6903.75 6537.43 1831.9 1650.45 366.318
internal_count=39222 30106 28605 9116 7768 1501
cat_boundaries=0 1 2 3
cat_threshold=62923936 786496 25165824
is_linear=0
shrinkage=0.05


Tree=54
num_leaves=7
num_cat=2
split_feature=3 8 6 3 8 3
split_gain=59.3134 46.9144 42.7783 29.5444 23.9188 11.7997
threshold=15.458333333333334 0 1.8160802914481033 10.625000000000002 1 15.79166666666667
decision_type=2 1 2 2 1 2
left_child=1 2 -1 -3 5 -2
right_child=4 3 -4 -5 -6 -7
leaf_value=-0.0078433615062095171 0.005442816253418299 0.011367720856230848 0.011630475173413389 0.0015682117310528761 -0.029794901090351808 -0.031011065733457129
leaf_weight=2087.6941426917911 105.16905745863914 906.15222226083279 325.1218416839838 5058.8407422602177 218.69951973110437 27.072541631758213
leaf_count=10481 553 3699 1325 21352 1659 181
internal_value=-0.000169404 0.000675242 -0.00519405 0.00305341 -0.0202778 -0.00204341
internal_weight=8728.75 8377.81 2412.82 5964.99 350.941 132.242
internal_count=39250 36857 11806 25051 2393 734
cat_boundaries=0 1 2
cat_threshold=62958241 1867848
is_linear=0
shrinkage=0.05


Tree=55
num_leaves=7
num_cat=2
split_feature=3 8 3 8 0 3
split_gain=49.7109 58.789 42.9853 18.595 17.8677 17.1342
threshold=10.04166666666667 0 15.458333333333334 1 6.2848331213337394 15.79166666666667
decision_type=2 1 2 1 2 2
left_child=3 5 -3 4 -1 -2
right_child=1 2 -4 -5 -6 -7
leaf_value=0.013332807725975948 0.0082496247386148105 -0.002066513779257657 -0.022874838391174029 0.019481542561395285 -0.018747933515398812 -0.037335632794625956
leaf_weight=102.37734325230122 1637.1152724772692 6168.3600398376584 257.61493819952011 429.55363854765892 73.813859894871712 19.905476823449135
leaf_count=426 6782 27771 1912 1772 316 131
internal_value=0.000302293 -0.000733737 -0.00289963 0.0141054 -0.000129787 0.00763379
internal_weight=8688.74 8083 6425.97 605.745 176.191 1657.02
internal_count=39110 36596 29683 2514 742 6913
cat_boundaries=0 1 2
cat_threshold=786496 25953696
is_linear=0
shrinkage=0.05


Tree=56
num_leaves=7
num_cat=2
split_feature=8 3 8 3 5 2
split_gain=52.4981 30.6856 33.6027 23.513 18.6478 13.962
threshold=0 10.625000000000002 1 14.625000000000002 -6.1687366342011671 1.4141962573775688
decision_type=1 2 1 2 2 2
left_child=3 5 -3 4 -1 -2
right_child=1 2 -4 -5 -6 -7
leaf_value=0.004132408640683486 0.0040573140538076573 0.0065828000293946566 -0.0019456400296434277 -0.025121232459573484 -0.0099428077415084637 0.015389203058000981
leaf_weight=313.64110240340233 595.02528749406338 1525.0885482132435 4644.4247327744961 193.21439358592033 935.69656538963318 500.97534382343292
leaf_count=1531 2443 6367 20852 1424 4557 2053
internal_value=-0.000194605 0.00153882 0.00017081 -0.00886936 -0.0064088 0.00924636
internal_weight=8708.07 7265.51 6169.51 1442.55 1249.34 1096
internal_count=39227 31715 27219 7512 6088 4496
cat_boundaries=0 1 2
cat_threshold=58729089 786496
is_linear=0
shrinkage=0.05


Tree=57
num_leaves=7
num_cat=0
split_feature=3 4 3 0 5 3
split_gain=44.8402 36.0574 47.1317 15.4056 10.8774 8.56483
threshold=15.625000000000002 -14.346428639385721 10.708333333333334 2.5347812429317145 -1.5855965803721308 15.79166666666667
decision_type=2 2 2 2 2 2
left_child=1 4 -3 -2 -1 -5
right_child=3 2 -4 5 -6 -7
leaf_value=0.018130157171885181 0.032536232975659045 0.0072559685508008136 -0.0025865097462019772 -0.019310447659563034 0.0057286718434904514 -0.042352431460531623
leaf_weight=305.94491492211819 10.581366032361982 1508.9795581251383 6253.0910125300288 120.77948708087206 420.43339375406504 62.485905639827251
leaf_count=1441 56 6282 27968 885 2018 513
internal_value=-0.000219303 0.000325028 -0.000672402 -0.0239346 0.0109698 -0.027354
internal_weight=8682.3 8488.45 7762.07 193.847 726.378 183.265
internal_count=39163 37709 34250 1454 3459 1398
is_linear=0
shrinkage=0.05


Tree=58
num_leaves=7
num_cat=1
split_feature=6 8 3 4 5 2
split_gain=59.9606 58.5529 41.3125 37.1842 37.5053 16.9249
threshold=1.2193915620875961 0 15.625000000000002 -12.557757938301394 -10.396757596642795 0.46881625090960294
decision_type=2 1 2 2 2 2
left_child=1 5 -3 -2 -5 -1
right_child=3 2 -4 4 -6 -7
leaf_value=-0.021984751188213095 0.029915489446968854 -0.0042411631244804772 -0.034005340590765695 0.01959835209284318 0.0025131420323980542 0.011104656224570906
leaf_weight=39.731330290436745 151.07869547605515 4573.7498017847538 118.66104298830032 364.32094728201628 2664.2661881819367 785.84544040262699
leaf_count=164 653 21434 1023 1529 11146 3280
internal_value=0.000319382 -0.0028319 -0.00499029 0.00578728 0.00457418 0.00937413
internal_weight=8697.65 5517.99 4692.41 3179.67 3028.59 825.577
internal_count=39229 25901 22457 13328 12675 3444
cat_boundaries=0 1
cat_threshold=524352
is_linear=0
shrinkage=0.05


Tree=59
num_leaves=7
num_cat=2
split_feature=3 8 8 4 2 5
split_gain=50.1435 40.1151 35.234 27.0859 24.0251 17.2453
threshold=14.625000000000002 0 1 -14.346428639385721 1.1366907116099962 -3.9940816297017849
decision_type=2 1 1 2 2 2
left_child=2 -2 5 -4 -3 -1
right_child=1 4 3 -5 -6 -7
leaf_value=0.0015735517354752233 -0.0011024482971656964 -0.0052285697761805796 0.014523003039692362 0.001522066953785401 -0.025743908020103391 -0.012247549302163286
leaf_weight=337.67706754803658 700.81505712866783 217.17745879292488 428.91702783107758 5885.5663033723831 418.6092871055007 678.32614384591579
leaf_count=1652 3366 1287 1855 24835 2781 3368
internal_value=-0.000612776 -0.00951545 0.00101157 0.00240352 -0.0184653 -0.00758241
internal_weight=8667.09 1336.6 7330.49 6314.48 635.787 1016
internal_count=39144 7434 31710 26690 4068 5020
cat_boundaries=0 1 2
cat_threshold=1900654 58761344
is_linear=0
shrinkage=0.05


Tree=60
num_leaves=7
num_cat=2
split_feature=6 4 8 6 8 2
split_gain=48.5722 43.2291 38.3237 34.3459 32.1305 30.4256
threshold=0.72965597701861451 -7.8157408369982422 0 2.2638555409897321 1 5.8691712824941886
decision_type=2 2 1 2 1 2
left_child=2 4 5 -3 -2 -1
right_child=1 3 -4 -5 -6 -7
leaf_value=-0.021004386134463371 0.016386299968092623 -0.0013105377641732404 -0.0026276410519557756 0.01319875558461818 0.00080834725127561626 0.049425287450673087
leaf_weight=511.44399373978376 774.24350944161415 5069.1931872814894 1302.5644187480211 442.55267417430878 586.15461372584105 14.884051144123076
leaf_count=3074 3423 22145 6025 1806 2796 66
internal_value=-0.00010003 0.00182735 -0.00733927 -0.000143365 0.00980605 -0.0185706
internal_weight=8701.04 6872.14 1828.89 5511.75 1360.4 526.328
internal_count=39335 30170 9165 23951 6219 3140
cat_boundaries=0 1 2
cat_threshold=63054516 998246
is_linear=0
shrinkage=0.05


Tree=61
num_leaves=7
num_cat=2
split_feature=6 4 8 6 8 3
split_gain=56.9119 38.6862 37.2427 36.376 25.8557 19.2082
threshold=0.72965597701861451 -9.0368097769329925 0 1.538813410548691 1 9.5416666666666696
decision_type=2 2 1 2 1 2
left_child=2 4 -1 -3 -2 -4
right_child=1 3 5 -5 -6 -7
leaf_value=-0.02340410648662632 0.019367440870679629 -0.0020015484778983551 0.031451281349283378 0.0069375595863501076 0.0036907903737146315 -0.0054202939733117989
leaf_weight=309.16244620084763 471.33051989227533 4185.4485521316528 35.205786243081093 1561.9431416243315 616.09744009375572 1471.7496201917529
leaf_count=1935 2085 18547 143 6459 2902 7047
internal_value=-2.51399e-05 0.00206553 -0.00789004 0.000428578 0.010709 -0.00450871
internal_weight=8650.94 6834.82 1816.12 5747.39 1087.43 1506.96
internal_count=39118 29993 9125 25006 4987 7190
cat_boundaries=0 1 2
cat_threshold=29360804 1390945
is_linear=0
shrinkage=0.05


Tree=62
num_leaves=7
num_cat=2
split_feature=6 8 3 5 2 8
split_gain=48.9029 45.5384 40.226 26.5777 24.5467 20.3071
threshold=1.4273198440984076 0 14.79166666666667 1.0479475581380018 2.4679475037219616 1
decision_type=2 1 2 2 2 1
left_child=1 4 -3 -2 -1 -5
right_child=3 2 -4 5 -6 -7
leaf_value=0.00046259236128777347 0.011543219328316293 -0.0045774845087587805 -0.022248328833521031 -0.0094146288014366735 0.016593049893326176 0.0057729570663817512
leaf_weight=3403.7091771960258 1188.2946307063103 2544.4001949727535 367.90228067338467 334.83427028357983 252.41762729734182 594.39910657703876
leaf_count=14569 4941 12092 2744 1403 1071 2459
internal_value=-1.28578e-05 -0.00214311 -0.00679334 0.00659294 0.00157616 0.00025697
internal_weight=8685.96 6568.43 2912.3 2117.53 3656.13 929.233
internal_count=39279 30476 14836 8803 15640 3862
cat_boundaries=0 1 2
cat_threshold=1905742 43280036
is_linear=0
shrinkage=0.05


Tree=63
num_leaves=7
num_cat=2
split_feature=6 8 8 5 4 3
split_gain=40.5318 47.1868 36.7902 36.6849 23.9523 19.7335
threshold=0.70274107406582587 0 1 -7.0948666678453076 -22.026527775466779 15.458333333333334
decision_type=2 1 1 2 2 2
left_child=1 5 4 -4 -2 -1
right_child=2 -3 3 -5 -6 -7
leaf_value=0.003558642718410793 0.034612514037988901 -0.015935794374430181 0.01147684519554697 0.0015557302937600189 -0.0050681200675343346 -0.026061304263478319
leaf_weight=750.7022707387805 37.835412487387657 766.21984879672527 1217.55840036273 3960.7449800670147 1860.7176197394729 59.779958382248878
leaf_count=3271 196 4308 5290 17047 8695 401
internal_value=8.81402e-05 -0.00715888 0.00170354 0.00388272 -0.00423723 0.00132813
internal_weight=8653.56 1576.7 7076.86 5178.3 1898.55 810.482
internal_count=39208 7980 31228 22337 8891 3672
cat_boundaries=0 1 2
cat_threshold=1920072 59796608
is_linear=0
shrinkage=0.05


Tree=64
num_leaves=7
num_cat=2
split_feature=3 8 6 8 6 5
split_gain=45.7847 40.0388 26.4542 19.8902 16.4562 15.8183
threshold=15.458333333333334 0 0.62492961024203708 1 3.1518964022613782 -26.304401428957039
decision_type=2 1 2 1 2 2
left_child=1 4 -3 5 -1 -2
right_child=3 2 -4 -5 -6 -7
leaf_value=-0.010066795633370314 0.06990695438180157 -0.0060967986566792471 0.0033339222109448536 -0.026865703318159542 0.028479895401084955 -0.0053930056780756149
leaf_weight=886.57655868679285 6.4084879830479613 838.07688355445862 6539.2233022600412 205.170280367136 27.636260226368904 118.09437417238951
leaf_count=4694 37 3958 27976 1639 111 708
internal_value=0.000305895 0.00103339 0.00225883 -0.017939 -0.00877581 -0.000917854
internal_weight=8621.19 8291.51 7377.3 329.673 914.213 124.503
internal_count=39123 36739 31934 2384 4805 745
cat_boundaries=0 1 2
cat_threshold=58728576 819401
is_linear=0
shrinkage=0.05


Tree=65
num_leaves=7
num_cat=2
split_feature=6 8 3 8 3 3
split_gain=37.956 34.587 36.0612 26.1464 15.5976 14.9022
threshold=0.59381346674005764 0 10.04166666666667 1 15.125000000000002 15.04166666666667
decision_type=2 1 2 1 2 2
left_child=3 -2 -3 5 -5 -1
right_child=1 2 -4 4 -6 -7
leaf_value=0.0033655045526270431 0.0060588322064540501 0.012700019860985423 -0.0023970057269114592 -0.016268749476134558 -0.045406946475353725 -0.019786411907986013
leaf_weight=319.65937785804272 2283.2502258270979 427.49906912446022 5143.6406774707139 316.86621553450823 53.365259252488613 87.748613268136978
leaf_count=1371 9664 1781 23675 1677 512 500
internal_value=-0.000151278 0.000892469 -0.00123426 -0.010681 -0.0200399 -0.00161765
internal_weight=8632.03 7854.39 5571.14 777.639 370.231 407.408
internal_count=39180 35120 25456 4060 2189 1871
cat_boundaries=0 1 2
cat_threshold=4980802 10294344
is_linear=0
shrinkage=0.05


Tree=66
num_leaves=7
num_cat=2
split_feature=6 8 3 4 8 6
split_gain=42.0685 42.063 38.2848 33.6762 19.1961 17.1311
threshold=1.2128964050651916 0 15.625000000000002 -6.3125074521021727 1 2.3674049822269123
decision_type=2 1 2 2 1 2
left_child=1 -1 -3 4 -2 -5
right_child=3 2 -4 5 -6 -7
leaf_value=0.0076287375578340299 0.023122374910364479 -0.0038532799041829865 -0.033449139413588673 0.00039888587672238146 0.0048518570856776293 0.012285415699684813
leaf_weight=825.56056758016348 325.20787572860718 4529.0046194568276 110.99691425263882 2233.6524254009128 285.51891551911831 349.72876198589802
leaf_count=3450 1367 21434 1029 9377 1245 1433
internal_value=-4.69783e-05 -0.00271097 -0.0045585 0.0045109 0.01506 0.00201217
internal_weight=8659.67 5465.56 4640 3194.11 610.727 2583.38
internal_count=39335 25913 22463 13422 2612 10810
cat_boundaries=0 1 2
cat_threshold=524352 1021174
is_linear=0
shrinkage=0.05


Tree=67
num_leaves=7
num_cat=2
split_feature=6 8 3 3 8 6
split_gain=39.4349 34.243 30.0168 27.3404 24.1354 16.593
threshold=0.59381346674005764 0 9.8750000000000018 11.625000000000002 1 2.1660646051134393
decision_type=2 1 2 2 1 2
left_child=3 5 -3 -1 -5 -2
right_child=1 2 -4 4 -6 -7
leaf_value=0.024324789894882189 -0.019504303997020023 0.014708715840247799 0.0010843747555342273 -0.0011614921810587555 -0.020287465196121207 0.016720993712861672
leaf_weight=51.050314456224442 273.0888878442347 427.5539423674345 7139.6475975215435 274.59250658378005 439.09067246317863 34.961143121123314
leaf_count=216 1509 1771 31805 1293 2525 142
internal_value=0.000127903 0.00118102 0.00185356 -0.0107045 -0.0132407 -0.014871
internal_weight=8639.99 7875.25 7567.2 764.733 713.683 308.05
internal_count=39261 35227 33576 4034 3818 1651
cat_boundaries=0 1 2
cat_threshold=25165824 10028104
is_linear=0
shrinkage=0.05


Tree=68
num_leaves=7
num_cat=3
split_feature=7 4 8 8 2 8
split_gain=31.9038 29.2769 28.3116 27.0557 23.4349 17.0609
threshold=66.500000000000014 -18.653581439978225 0 1 0.68154339861445579 2
decision_type=2 2 1 1 2 1
left_child=1 5 -3 -2 -5 -1
right_child=3 2 -4 4 -6 -7
leaf_value=0.032939686306267778 -0.0006439116913802541 -0.014682783234693823 0.00093080536536818421 0.044302078283488429 -0.021945035015980455 0.0063535705468560329
leaf_weight=93.626397982239723 423.57400584965944 291.427230425179 7255.030397772789 12.949688799679278 364.30525318160653 184.41489055752754
leaf_count=415 2188 1505 31461 73 2727 871
internal_value=-7.74065e-05 0.000895883 0.000307757 -0.00957619 -0.0190561 0.0168002
internal_weight=8625.33 7824.5 7546.46 800.829 377.255 278.041
internal_count=39240 34252 32966 4988 2800 1286
cat_boundaries=0 1 2 3
cat_threshold=25165824 1933514 18364440
is_linear=0
shrinkage=0.05


Tree=69
num_leaves=7
num_cat=2
split_feature=6 3 8 5 3 8
split_gain=34.9666 32.5372 31.2018 29.1737 29.9393 18.6744
threshold=1.3784421564754676 15.79166666666667 0 -9.9713623435822658 12.29166666666667 1
decision_type=2 2 1 2 2 1
left_child=1 2 -1 4 -2 -5
right_child=3 -3 -4 5 -6 -7
leaf_value=0.0010539109243215929 0.0064376635491606524 -0.041485537031618169 -0.0061556567408350676 0.0068795918918260748 0.039262722365555537 -0.0028258318053772241
leaf_weight=3783.9127854704857 169.62038990855217 51.095959041267633 2475.0023511759937 1203.2358187437057 117.22008304297924 831.90570061653852
leaf_count=16229 702 476 12892 4989 497 3499
internal_value=-0.000203073 -0.00213353 -0.00180569 0.00504161 0.0199417 0.00293277
internal_weight=8631.99 6310.01 6258.92 2321.98 286.84 2035.14
internal_count=39284 29597 29121 9687 1199 8488
cat_boundaries=0 1 2
cat_threshold=2036814 5196022
is_linear=0
shrinkage=0.05


Tree=70
num_leaves=7
num_cat=1
split_feature=8 7 6 5 6 4
split_gain=37.2876 43.5685 36.1573 16.2255 14.8623 15.4223
threshold=0 1.0000000180025095e-35 1.8817051691308795 -18.307259563774661 0.48158341177047642 -6.6888689924505647
decision_type=1 2 2 2 2 2
left_child=4 3 -3 -2 -1 -6
right_child=1 2 -4 -5 5 -7
leaf_value=-0.014449606179371058 -0.020383019507161582 -0.0044154930343957071 0.0086601886501353979 0.044761802080682672 0.011146138365785865 0.0029873059027207324
leaf_weight=100.57402665168047 10.613775029778479 4728.7948408797383 594.29776656627655 63.78957836329937 766.81260128319263 2363.1135105788708
leaf_count=453 44 23066 2424 265 3230 9832
internal_value=0.000125989 -0.00241576 -0.0029543 0.0353217 0.00436612 0.00498909
internal_weight=8628 5397.5 5323.09 74.4034 3230.5 3129.93
internal_count=39314 25799 25490 309 13515 13062
cat_boundaries=0 1
cat_threshold=852042
is_linear=0
shrinkage=0.05


Tree=71
num_leaves=7
num_cat=0
split_feature=6 2 5 5 0 7
split_gain=34.4567 31.3282 30.267 27.7649 18.0016 17.7315
threshold=1.4366719065996165 2.4679475037219616 2.0382489833601967 15.911448583066358 4.7698675328247448 71.500000000000014
decision_type=2 2 2 2 2 2
left_child=1 3 -2 -1 -4 -3
right_child=2 5 4 -5 -6 -7
leaf_value=-0.004438472711245851 0.010199017464131876 0.010871185017682432 -0.0072910558482859947 0.0060894291355471858 0.0086633779720185679 -0.037586618908691055
leaf_weight=5280.0963479951024 1240.3056129068136 539.0273055806756 554.08987253904343 709.63173952698708 258.47705575823784 18.600435860455036
leaf_count=24713 5167 2388 2291 3435 1093 158
internal_value=-0.000362481 -0.00213468 0.00528799 -0.00319037 -0.00221155 0.00919042
internal_weight=8600.23 6547.36 2052.87 5989.73 812.567 557.628
internal_count=39245 30694 8551 28148 3384 2546
is_linear=0
shrinkage=0.05


Tree=72
num_leaves=7
num_cat=2
split_feature=4 7 8 8 5 2
split_gain=32.4574 36.7969 42.0565 17.7782 17.0707 15.527
threshold=-14.346428639385721 14.500000000000002 0 1 -1.5855965803721308 1.4244230824125659
decision_type=2 2 1 1 2 2
left_child=3 5 -3 4 -1 -2
right_child=1 2 -4 -5 -6 -7
leaf_value=0.014908816300350035 0.0019193016490321635 0.0020357424355505671 -0.0061441583605115523 0.017175594458733508 -0.0071671135896281268 0.012235145785639714
leaf_weight=145.51669157668948 895.02452565729618 2799.4188711307943 3563.6592907942832 390.30892488360405 216.69849899783731 615.23158359527588
leaf_count=742 3746 12077 17205 1859 1145 2564
internal_value=6.19322e-05 -0.000886749 -0.00255213 0.00997558 0.00167228 0.00612697
internal_weight=8625.86 7873.33 6363.08 752.524 362.215 1510.26
internal_count=39338 35592 29282 3746 1887 6310
cat_boundaries=0 1 2
cat_threshold=4998218 13100212
is_linear=0
shrinkage=0.05


Tree=73
num_leaves=7
num_cat=0
split_feature=6 5 3 4 4 5
split_gain=27.6587 31.2653 28.3377 30.0754 14.5052 12.5135
threshold=1.4366719065996165 -12.441989843121361 15.79166666666667 -18.248108123466732 -5.5977347909645312 -21.319464553122277
decision_type=2 2 2 2 2 2
left_child=2 -2 3 -1 -3 -4
right_child=1 4 5 -5 -6 -7
leaf_value=0.012721695696297714 0.026229296951136318 0.012165467647995191 0.032337245420169206 -0.0018415705087923872 0.0013046210379255587 -0.045306001688036418
leaf_weight=375.39944375306368 164.06026887893677 385.78678584098816 5.092180907726287 6097.8162770681083 1499.7624642401934 47.869320999830961
leaf_count=1899 687 1621 44 28197 6235 456
internal_value=0.000295303 0.00536074 -0.00129612 -0.000995172 0.00353204 -0.0373798
internal_weight=8575.79 2049.61 6526.18 6473.22 1885.55 52.9615
internal_count=39139 8543 30596 30096 7856 500
is_linear=0
shrinkage=0.05


Tree=74
num_leaves=7
num_cat=1
split_feature=8 4 6 6 4 3
split_gain=35.1615 23.3777 26.4272 24.839 13.149 14.2744
threshold=0 -3.844412830954012 0.46286739716751635 1.2193915620875961 -12.979573959863052 14.54166666666667
decision_type=1 2 2 2 2 2
left_child=4 3 -3 -2 -1 -6
right_child=1 2 -4 -5 5 -7
leaf_value=0.0081325305866238318 0.0020047159992224789 -0.028995702640230506 -0.00026199344965310823 0.012173292881902525 -0.0084479919646615574 -0.028613180257522089
leaf_weight=101.90583749115467 2086.0142790824175 80.43977277725935 4596.7204374112189 842.65564026683569 755.58953686058521 98.642165720462799
leaf_count=651 9843 418 20077 3528 3786 786
internal_value=0.000289865 0.00142946 -0.00076226 0.00493364 -0.00869148 -0.0108073
internal_weight=8561.97 7605.83 4677.16 2928.67 956.138 854.232
internal_count=39089 33866 20495 13371 5223 4572
cat_boundaries=0 1
cat_threshold=58720896
is_linear=0
shrinkage=0.05


Tree=75
num_leaves=7
num_cat=3
split_feature=3 3 8 0 8 8
split_gain=25.6938 23.9012 25.5835 14.2574 13.4754 7.25909
threshold=15.708333333333334 9.5416666666666696 0 2.1930458849380274 1 2
decision_type=2 2 1 2 1 1
left_child=1 4 -3 -2 -1 -5
right_child=3 2 -4 5 -6 -7
leaf_value=-0.0096646247333707219 0.056718036855265719 0.0028020934180745505 -0.0027622313201677538 0.00056932867306815581 0.031746711257077717 -0.033438191462203032
leaf_weight=24.532663360238075 4.3656408190727225 4680.0506362989545 3680.4488920420408 28.26201856136322 80.965282708406448 76.772200975567102
leaf_count=101 23 20098 17696 244 334 700
internal_value=0.000340009 0.000652452 0.000352583 -0.0236256 0.02419 -0.0274684
internal_weight=8575.4 8466 8360.5 109.4 105.498 105.034
internal_count=39196 38229 37794 967 435 944
cat_boundaries=0 1 2 3
cat_threshold=1011826 786578 37820424
is_linear=0
shrinkage=0.05


Tree=76
num_leaves=7
num_cat=2
split_feature=8 3 4 3 2 8
split_gain=30.885 19.1626 26.2163 16.041 13.3642 9.4516
threshold=0 10.708333333333334 -7.3340376797178433 9.5416666666666696 1.4346276269565745 1
decision_type=1 2 2 2 2 1
left_child=3 4 -3 -1 -2 -5
right_child=1 2 -4 5 -6 -7
leaf_value=0.038142081120721066 0.0021774117187451873 0.0048785230634572222 -0.0023308680593985449 -0.016070710120426636 0.012608562704367821 -0.0056526140957417126
leaf_weight=17.532206282019615 750.93175208568573 1757.6898111067712 4454.973060335964 314.66344743221998 519.07852710783482 800.58785853534937
leaf_count=75 3101 8125 19821 1784 2140 4302
internal_value=-0.000316388 0.000852483 -0.000290727 -0.00796862 0.0064474 -0.00879841
internal_weight=8615.46 7482.67 6212.66 1132.78 1270.01 1115.25
internal_count=39348 33187 27946 6161 5241 6086
cat_boundaries=0 1 2
cat_threshold=58761344 25165824
is_linear=0
shrinkage=0.05


Tree=77
num_leaves=7
num_cat=3
split_feature=6 4 5 8 8 8
split_gain=30.9632 33.8184 32.5643 32.3362 21.3012 20.4344
threshold=0.95915975375498619 -20.315056472338288 -17.857530433018862 0 1 2
decision_type=2 2 2 1 1 1
left_child=1 4 5 -3 -1 -2
right_child=2 3 -4 -5 -6 -7
leaf_value=0.032543134103777731 -9.8534497765578473e-05 0.00039168700414987201 0.0018210042222518534 -0.0092152066383752694 -2.9129598909234836e-05 0.031443425943671242
leaf_weight=91.708873968571424 86.523285239934921 1737.429906912148 4676.4910054504871 1762.5196378044784 108.09445169568062 144.27184633910656
leaf_count=444 391 7915 20173 9197 617 621
internal_value=0.000124405 -0.00332892 0.00272812 -0.00447265 0.0166282 0.0210214
internal_weight=8607.04 3699.75 4907.29 3499.95 199.803 230.795
internal_count=39358 18173 21185 17112 1061 1012
cat_boundaries=0 1 2 3
cat_threshold=1757544 18422298 29927842
is_linear=0
shrinkage=0.05


Tree=78
num_leaves=7
num_cat=2
split_feature=6 5 5 8 8 7
split_gain=32.6275 26.7846 36.4022 24.0853 23.5898 17.7917
threshold=0.59381346674005764 16.264460122875004 -0.80617114052422312 0 1 67.500000000000014
decision_type=2 2 2 1 1 2
left_child=4 2 -2 -3 -1 -6
right_child=1 3 -4 -5 5 -7
leaf_value=-0.00012156740851278253 0.0039617660072913344 -0.00053512105923050988 -0.003179578480729093 0.018678528046068177 -0.013869626878726379 -0.044575246528900603
leaf_weight=368.42674779519439 3561.6048385500908 284.36840051040053 3574.2900356948376 387.1333562284708 346.29231276363134 54.057343754917383
leaf_count=1753 16029 1351 16043 1731 1800 520
internal_value=0.00031568 0.00128385 0.000384802 0.010823 -0.00950553 -0.017676
internal_weight=8576.17 7807.4 7135.89 671.502 768.776 400.35
internal_count=39227 35154 32072 3082 4073 2320
cat_boundaries=0 1 2
cat_threshold=29845252 10040392
is_linear=0
shrinkage=0.05


Tree=79
num_leaves=7
num_cat=0
split_feature=6 4 3 6 3 3
split_gain=25.8983 22.5434 29.9757 18.4015 16.0201 41.7291
threshold=2.3130433228553451 -7.8157408369982422 10.708333333333334 0.73306535431376552 12.625000000000002 13.625000000000002
decision_type=2 2 2 2 2 2
left_child=1 3 -3 -1 -2 -6
right_child=4 2 -4 -5 5 -7
leaf_value=-0.0030827874702959342 0.0061686738518402133 0.0042930007901770019 -0.0041193085110183148 0.0073002971218259632 0.065422951398882018 0.0023439068107677548
leaf_weight=634.11714553833008 336.10834102332592 1353.8783711642027 4849.0058887414634 1300.7612145505846 43.579232841730118 63.846676781773567
leaf_count=3350 1385 5667 22430 6014 178 267
internal_value=-0.000171149 -0.000813006 -0.00228279 0.00389762 0.0115807 0.0283004
internal_weight=8581.3 8137.76 6202.88 1934.88 443.534 107.426
internal_count=39291 37461 28097 9364 1830 445
is_linear=0
shrinkage=0.05


Tree=80
num_leaves=7
num_cat=0
split_feature=6 5 5 0 5 3
split_gain=26.9198 20.3869 29.311 15.8636 14.6741 13.9247
threshold=1.8160802914481033 11.852221681221094 -4.7397519966777395 3.1968594137712398 -0.42814251526147579 15.708333333333334
decision_type=2 2 2 2 2 2
left_child=1 2 -1 4 -2 -3
right_child=3 5 -4 -5 -6 -7
leaf_value=0.0019375014498256651 0.0091293375215995599 0.005279579732232309 -0.0050926892040874146 0.013804302186261903 -0.008179215940639771 -0.032162810770746508
leaf_weight=2394.367693439126 264.17128138244152 1242.7674989812076 3890.8832548037171 497.6113918274641 226.53366169333458 24.352374386042356
leaf_count=11106 1097 5785 17874 2061 933 238
internal_value=-0.000232411 -0.00124818 -0.00241465 0.00752315 0.00113847 0.00453519
internal_weight=8540.69 7552.37 6285.25 988.316 490.705 1267.12
internal_count=39094 35003 28980 4091 2030 6023
is_linear=0
shrinkage=0.05


Tree=81
num_leaves=7
num_cat=2
split_feature=8 3 6 8 4 4
split_gain=26.8615 27.3882 24.2038 15.2355 9.27001 9.8487
threshold=0 15.458333333333334 2.3130433228553451 1 13.250995185563578 1.27591926249226
decision_type=1 2 2 1 2 2
left_child=4 2 -2 -3 5 -1
right_child=1 3 -4 -5 -6 -7
leaf_value=0.0093911523777364982 -0.0010641185707333061 0.0014012264134134521 0.011811626561948091 -0.024983495881917967 0.023979962826763512 -0.00023555372491490322
leaf_weight=741.79242838919163 6698.9398163855076 85.650434486567974 385.01800905168056 168.36335249245167 75.131116770207882 413.55619537830353
leaf_count=3127 30400 515 1575 1554 320 1746
internal_value=0.000208639 -0.000941047 -0.000362745 -0.017041 0.0070107 0.00594806
internal_weight=8568.45 7337.97 7083.96 254.014 1230.48 1155.35
internal_count=39237 34044 31975 2069 5193 4873
cat_boundaries=0 1 2
cat_threshold=524352 1376264
is_linear=0
shrinkage=0.05


Tree=82
num_leaves=7
num_cat=0
split_feature=6 4 4 5 5 2
split_gain=30.7328 22.6559 20.9553 22.6663 18.4963 12.5696
threshold=0.88097592514387657 -12.37211928653077 -18.248108123466732 11.438615049153542 -16.140446003984049 1.4043193953278386
decision_type=2 2 2 2 2 2
left_child=2 -2 5 -4 -3 -1
right_child=1 4 3 -5 -6 -7
leaf_value=0.00021423399581313617 0.013070044799904579 0.012622069001482029 -0.0082314416618942104 0.0023628569609796739 0.00014878105184126477 0.022501159358873795
leaf_weight=160.10335418581963 414.10606222599745 315.87998253107071 2113.7979656904936 662.68885524570942 4788.2634395509958 103.61629037186503
leaf_count=797 1902 1392 10481 3310 20764 595
internal_value=-0.000387109 0.00183679 -0.00442296 -0.00570287 0.000923036 0.00902276
internal_weight=8558.46 5518.25 3040.21 2776.49 5104.14 263.72
internal_count=39241 24058 15183 13791 22156 1392
is_linear=0
shrinkage=0.05


Tree=83
num_leaves=7
num_cat=0
split_feature=3 4 6 6 5 4
split_gain=27.6503 22.3184 23.9942 15.689 12.279 6.54679
threshold=15.79166666666667 -7.8157408369982422 0.46286739716751635 0.59381346674005764 -21.319464553122277 4.7447553885837968
decision_type=2 2 2 2 2 2
left_child=1 3 -3 -1 5 -2
right_child=4 2 -4 -5 -6 -7
leaf_value=-0.0057285270075940397 0.054837274909323358 -0.023914117363857651 -0.00044800665859253834 0.0071007000409769403 -0.043386607866128787 -0.039211629043269608
leaf_weight=277.45040450245142 4.6990994215011588 109.80388483777642 6459.3545395098627 1660.0505357533693 48.360307198017836 1.8933244720101354
leaf_count=1500 41 577 28848 7751 477 15
internal_value=0.000316836 0.000547207 -0.000843824 0.00526155 -0.0347169 0.0262197
internal_weight=8561.61 8506.66 6569.16 1937.5 54.9527 6.59242
internal_count=39209 38676 29425 9251 533 56
is_linear=0
shrinkage=0.05


Tree=84
num_leaves=7
num_cat=2
split_feature=3 3 8 6 8 5
split_gain=23.3333 19.6491 29.4721 20.0502 18.2852 12.7256
threshold=15.458333333333334 9.6250000000000018 0 1.3784421564754676 1 -29.608228853705747
decision_type=2 2 1 2 1 2
left_child=1 2 -1 -3 5 -2
right_child=4 3 -4 -5 -6 -7
leaf_value=-0.0041020042209553012 0.063180953708141072 -0.0014568872641207596 0.029742663086596212 0.0041348256930854796 -0.025024056029592026 -0.0037565484459107859
leaf_weight=121.49458535015583 6.4505371525883666 5765.1885096952319 127.82968838512897 2219.4731032550335 151.37538010627031 150.1017041169107
leaf_count=504 38 26528 535 9226 1421 910
internal_value=2.41223e-05 0.000530208 0.0143241 9.7748e-05 -0.0134665 -0.00057826
internal_weight=8541.91 8233.99 249.324 7984.66 307.928 156.552
internal_count=39162 36793 1039 35754 2369 948
cat_boundaries=0 1 2
cat_threshold=21959222 1871945
is_linear=0
shrinkage=0.05


Tree=85
num_leaves=7
num_cat=0
split_feature=3 5 4 3 4 4
split_gain=30.1341 19.6436 25.3851 13.7114 8.88939 9.21142
threshold=10.04166666666667 18.249617522502671 -18.248108123466732 15.708333333333334 3.9956015467714434 0.94924561205701818
decision_type=2 2 2 2 2 2
left_child=4 2 -2 -3 5 -1
right_child=1 3 -4 -5 -6 -7
leaf_value=0.0083472334690236957 0.011394245977579872 0.0082245884427309558 -0.0025648277239658734 -0.042353444162387247 -0.0010717266408524181 0.022965162850332385
leaf_weight=300.73786792159081 340.65910268947482 634.56364309415221 6976.1709446944296 12.709317088127134 131.18413363397121 168.757842451334
leaf_count=1254 1731 2965 31933 135 545 706
internal_value=-0.000359588 -0.00117458 -0.00191345 0.00716768 0.01043 0.0136392
internal_weight=8564.78 7964.1 7316.83 647.273 600.68 469.496
internal_count=39269 36764 33664 3100 2505 1960
is_linear=0
shrinkage=0.05


Tree=86
num_leaves=7
num_cat=2
split_feature=6 8 3 6 8 0
split_gain=27.2045 22.5239 20.7369 19.5078 18.7811 14.3415
threshold=0.59381346674005764 0 15.208333333333334 2.3674049822269123 1 4.157829658957179
decision_type=2 1 2 2 1 2
left_child=2 5 4 -3 -1 -2
right_child=1 3 -4 -5 -6 -7
leaf_value=-0.018554416680835299 0.0040254113858568174 -0.00060931759924331844 -0.029294281646280392 0.01095474383952982 -7.1617298984336938e-05 0.019874881067557731
leaf_weight=187.10305685549974 370.05988220870495 6834.6519182361662 108.28441631793976 384.24582828581333 459.40634942054749 232.02736169099808
leaf_count=1075 1576 31131 878 1587 2103 974
internal_value=-8.51763e-05 0.000790112 -0.00914374 7.63307e-06 -0.00572868 0.00999052
internal_weight=8575.78 7820.98 754.794 7218.9 646.509 602.087
internal_count=39324 35268 4056 32718 3178 2550
cat_boundaries=0 1 2
cat_threshold=64 54543253
is_linear=0
shrinkage=0.05


Tree=87
num_leaves=7
num_cat=0
split_feature=2 4 3 4 5 4
split_gain=17.0808 16.7501 22.2065 15.0531 10.9708 8.17197
threshold=0.56759048620787911 -14.346428639385721 10.708333333333334 8.5409603385470358 -1.6780266826499395 -1.2424459467565134
decision_type=2 2 2 2 2 2
left_child=3 4 -3 5 -2 -1
right_child=1 2 -4 -5 -6 -7
leaf_value=-0.012715058370541016 0.015215911806206201 0.00578469339303396 -0.0014080555774032882 0.013345341716273364 0.0028583349540643632 -0.0036839827186041676
leaf_weight=437.77372650057077 304.85692628473043 1341.815038844943 5340.9563695564866 93.171346969902515 436.52704914659262 586.53807416558266
leaf_count=1902 1483 5617 25109 402 2198 2500
internal_value=-3.9364e-05 0.000828332 3.68058e-05 -0.00579961 0.00795342 -0.00755235
internal_weight=8541.64 7424.16 6682.77 1117.48 741.384 1024.31
internal_count=39211 34407 30726 4804 3681 4402
is_linear=0
shrinkage=0.05


Tree=88
num_leaves=7
num_cat=0
split_feature=5 6 5 3 6 3
split_gain=23.5115 31.8551 19.3466 18.0505 16.4394 16.1228
threshold=-7.0948666678453076 0.68322883534915191 15.911448583066358 12.208333333333334 0.579412080075563 10.208333333333334
decision_type=2 2 2 2 2 2
left_child=1 -1 5 -3 -4 -2
right_child=2 3 4 -5 -6 -7
leaf_value=-0.0075150567645093716 0.0062852365215677322 0.0019635609272937835 -0.0097711320920150189 0.012455935550336729 0.0088630837816028422 -0.0031736587387867009
leaf_weight=417.35007344931364 493.08707541227341 723.19395689666271 141.23208823427558 946.5345232822001 707.5879567079246 5114.3527080006897
leaf_count=2181 2058 3068 764 4408 3264 23460
internal_value=0.000215591 0.00482765 -0.00127584 0.00791537 0.00575475 -0.00234092
internal_weight=8543.34 2087.08 6456.26 1669.73 848.82 5607.44
internal_count=39203 9657 29546 7476 4028 25518
is_linear=0
shrinkage=0.05


Tree=89
num_leaves=7
num_cat=2
split_feature=8 3 4 2 2 8
split_gain=26.8244 16.3675 20.2208 17.263 15.2477 13.8748
threshold=0 14.958333333333334 -11.240807922888131 1.0311550439643005 2.6724236916641266 1
decision_type=1 2 2 2 2 1
left_child=1 2 -1 -3 5 -2
right_child=4 3 -4 -5 -6 -7
leaf_value=0.008645555737582359 0.0079264243436203714 0.0081814946508676246 -0.0050677148484879926 -0.025049894188371169 0.011644037527528441 3.6916342832991966e-05
leaf_weight=307.34717490524054 617.25494242459536 50.059375986456871 2099.3635027259588 170.71960351616144 352.05599193274975 4944.1217931732535
leaf_count=1533 2617 360 9936 1463 1535 21765
internal_value=-0.00030301 -0.00449576 -0.00331361 -0.0175121 0.00156534 0.000928154
internal_weight=8540.92 2627.49 2406.71 220.779 5913.43 5561.38
internal_count=39209 13292 11469 1823 25917 24382
cat_boundaries=0 1 2
cat_threshold=63973025 64
is_linear=0
shrinkage=0.05


Tree=90
num_leaves=7
num_cat=0
split_feature=3 4 5 5 6 0
split_gain=19.5383 19.2686 21.0311 18.6356 18.3278 5.27149
threshold=15.708333333333334 -25.221850578801792 -3.5046375800568201 -22.13638279251845 1.2063027133204005 3.1968594137712398
decision_type=2 2 2 2 2 2
left_child=1 2 -1 -2 -3 -5
right_child=3 4 -4 5 -6 -7
leaf_value=0.051225535216035692 0.034817083805554032 -0.0020601021974374491 0.0051999842762121056 0.0028570730825701559 0.002776701433632409 -0.033458611836241062
leaf_weight=36.472117904573679 12.110949508845804 5152.9144058711827 74.294050998985767 11.188563987612723 3158.0081908777356 82.060369458049536
leaf_count=178 102 24340 378 70 13288 818
internal_value=-0.000213728 5.52186e-05 0.0206776 -0.0215098 -0.000222087 -0.0291172
internal_weight=8527.05 8421.69 110.766 105.36 8310.92 93.2489
internal_count=39174 38184 556 990 37628 888
is_linear=0
shrinkage=0.05


Tree=91
num_leaves=7
num_cat=2
split_feature=8 5 8 5 1 5
split_gain=23.5137 18.0723 25.7007 22.2947 10.6485 15.4599
threshold=0 18.249617522502671 1 -6.3228939733933318 0.41142797554086746 -5.3754151522336313
decision_type=1 2 1 2 2 2
left_child=4 3 -3 -2 -1 -6
right_child=1 2 -4 -5 5 -7
leaf_value=-0.026775251722827999 0.0044463331700826921 -0.005462130047350959 0.015523287579055231 -0.0015585577727575718 0.015953779973401441 -0.014566890120897458
leaf_weight=98.276430767029524 2167.2424219995737 212.76150431483984 439.50217474251986 5382.7801842950284 54.312839463353157 165.8913197927177
leaf_count=609 9927 1048 2042 24318 297 933
internal_value=0.000330221 0.000854817 0.0088342 0.000165513 -0.0127679 -0.00700095
internal_weight=8520.77 8202.29 652.264 7550.02 318.481 220.204
internal_count=39174 37335 3090 34245 1839 1230
cat_boundaries=0 1 2
cat_threshold=25165824 5457412
is_linear=0
shrinkage=0.05


Tree=92
num_leaves=7
num_cat=0
split_feature=3 5 5 6 6 2
split_gain=23.1924 18.0197 25.3608 15.5425 12.7132 10.4328
threshold=15.79166666666667 16.715971385977788 -5.0134039420871215 0.579412080075563 1.2452101296103859 1.4446082044091872
decision_type=2 2 2 2 2 2
left_child=1 2 -1 -3 -2 -6
right_child=4 3 -4 -5 5 -7
leaf_value=0.0031132759417736391 -0.047653535236733484 -0.0081667595906963399 -0.0029736798187598584 0.010170073711521595 -0.038854450851495304 0.041241881064239067
leaf_weight=2563.1733594126999 38.724710330367088 139.43008430302143 5143.4326555393636 656.14658448845148 6.2425857111811629 8.3008166998624784
leaf_count=11692 431 753 23321 3006 46 58
internal_value=-0.000417158 -0.000209162 -0.000949052 0.0069502 -0.033 0.00657362
internal_weight=8555.45 8502.18 7706.61 795.577 53.2681 14.5434
internal_count=39307 38772 35013 3759 535 104
is_linear=0
shrinkage=0.05


Tree=93
num_leaves=7
num_cat=2
split_feature=3 6 3 8 8 0
split_gain=18.4467 20.5411 32.7235 23.354 17.744 12.9806
threshold=10.208333333333334 1.2128964050651916 11.708333333333334 0 1 1.8548244116017503
decision_type=2 2 2 1 1 2
left_child=4 3 -3 -2 -1 -6
right_child=1 2 -4 -5 5 -7
leaf_value=-0.0012724592082768264 0.0047688181555916422 -0.0018492596219312559 0.0089655407545320264 -0.0040196766015370639 -0.052222086576675188 0.015537398152290091
leaf_weight=325.70117279887199 922.44004916027188 1568.6911527216434 1260.9058454409242 4006.1683580316603 6.2326435893774024 430.25012820959091
leaf_count=1383 4026 6545 5444 19969 26 1777
internal_value=0.000306165 -0.000423421 0.00297142 -0.00237267 0.00772338 0.0141297
internal_weight=8520.39 7758.21 2829.6 4928.61 762.184 436.483
internal_count=39170 35984 11989 23995 3186 1803
cat_boundaries=0 1 2
cat_threshold=524384 25970628
is_linear=0
shrinkage=0.05


Tree=94
num_leaves=7
num_cat=0
split_feature=3 6 2 5 6 3
split_gain=22.9716 23.0532 18.7864 18.4595 17.8925 13.8907
threshold=15.04166666666667 0.54828062257906074 1.4141962573775688 -6.4583301032451148 2.0149081359602095 15.708333333333334
decision_type=2 2 2 2 2 2
left_child=2 -2 3 -1 -4 -3
right_child=1 5 4 -5 -6 -7
leaf_value=0.0042960026845969062 -0.031210298727353154 -0.0021479862240047416 0.0040210274375971078 -0.0022009095890885857 0.026284336577636815 -0.023222144102484629
leaf_weight=1452.5989260077477 94.817706532776356 582.49575075134635 1791.8759192153811 4410.2168584242463 94.089367255568504 89.366002570837736
leaf_count=6403 740 3356 7964 19434 394 841
internal_value=-1.14828e-05 -0.00826169 0.00080577 -0.000590746 0.00514507 -0.00498146
internal_weight=8515.46 766.679 7748.78 5862.82 1885.97 671.862
internal_count=39132 4937 34195 25837 8358 4197
is_linear=0
shrinkage=0.05


Tree=95
num_leaves=7
num_cat=0
split_feature=6 3 3 3 3 4
split_gain=20.411 23.5629 19.8898 16.3682 14.2306 15.5619
threshold=0.86901690971308121 11.875000000000002 14.375000000000002 10.708333333333334 9.8750000000000018 -18.248108123466732
decision_type=2 2 2 2 2 2
left_child=4 3 -3 -2 -1 -6
right_child=1 2 -4 -5 5 -7
leaf_value=0.0094637787665666773 0.003321719057111293 0.0080858057704929574 -0.0015327164229952369 -0.0042819652935512783 0.0076962722668271963 -0.0051991618894261507
leaf_weight=211.65036658942699 1246.4344700276852 1990.7282077968121 735.72093317657709 1635.1100025177002 257.73726917803288 2451.8508353494108
leaf_count=879 5229 8606 3761 6945 1366 12469
internal_value=0.000394412 0.00215964 0.00549068 -0.000992921 -0.00299393 -0.00397016
internal_weight=8529.23 5607.99 2726.45 2881.54 2921.24 2709.59
internal_count=39255 24541 12367 12174 14714 13835
is_linear=0
shrinkage=0.05


Tree=96
num_leaves=7
num_cat=3
split_feature=8 2 8 8 5 5
split_gain=25.1018 18.4561 20.0417 17.1224 15.9537 13.618
threshold=0 0.57813973685056375 1 2 11.438615049153542 13.812998266984012
decision_type=1 2 1 1 2 2
left_child=4 2 -2 -3 -1 -6
right_child=1 3 -4 -5 5 -7
leaf_value=-0.014177956942411593 0.00080184657139770014 0.0046741620672000493 -0.012665626591931529 -0.00041416010597377219 0.042838739761306366 -0.0025970421405037544
leaf_weight=459.08499918505549 614.66700718551874 2758.7020763196051 494.0319137275219 4104.1443503722548 21.507683880627155 61.315431855618954
leaf_count=2537 2590 12017 2145 19378 137 379
internal_value=-4.39076e-05 0.000669818 -0.00531212 0.00163781 -0.0103466 0.00957212
internal_weight=8513.45 7971.55 1108.7 6862.85 541.908 82.8231
internal_count=39183 36130 4735 31395 3053 516
cat_boundaries=0 1 2 3
cat_threshold=58720256 4932946 1837378
is_linear=0
shrinkage=0.05


Tree=97
num_leaves=7
num_cat=1
split_feature=3 8 4 2 0 2
split_gain=19.8377 29.3574 21.0967 19.1053 17.5525 17.0233
threshold=14.79166666666667 0 -7.8157408369982422 1.1366907116099962 8.6151216366470305 0.57813973685056375
decision_type=2 1 2 2 2 2
left_child=2 -2 5 -3 -4 -1
right_child=1 3 4 -5 -6 -7
leaf_value=-0.013906341250892804 0.00016224387567242136 -0.0016926198330436916 -0.0012059485328503917 -0.025608231898643249 0.0073658894153483317 0.0076499862861557598
leaf_weight=96.802457362413406 673.34648609533906 125.48072250932455 5258.0963976308703 249.54665375128388 672.72165855020285 1461.6361829861999
leaf_count=428 3662 801 22674 1913 3226 6597
internal_value=0.000226069 -0.00621238 0.00112806 -0.0171753 -0.000232583 0.00630296
internal_weight=8537.63 1048.37 7489.26 375.027 5930.82 1558.44
internal_count=39301 6376 32925 2714 25900 7025
cat_boundaries=0 1
cat_threshold=35504590
is_linear=0
shrinkage=0.05


Tree=98
num_leaves=7
num_cat=2
split_feature=8 6 6 5 8 5
split_gain=19.4419 22.6796 15.3367 21.2738 15.3026 8.82385
threshold=0 2.4987786207816911 0.7070532406529958 12.091239763505216 1 -4.6133996925740055
decision_type=1 2 2 2 1 2
left_child=1 5 4 -4 -2 -1
right_child=2 -3 3 -5 -6 -7
leaf_value=-0.0013403987516314719 0.0004233312403764054 0.024197515594003752 0.00054358879985457679 0.0090689838626901546 -0.0098676200853188532 -0.014511301301243904
leaf_weight=176.91831139847636 848.81147345528007 48.955428540706635 5544.1959011852741 842.02897454053164 621.30164132267237 453.17494550719857
leaf_count=994 3974 199 24248 3743 3488 2650
internal_value=-9.79288e-05 -0.00814487 0.000608134 0.00166891 -0.0039938 -0.0108211
internal_weight=8535.39 679.049 7856.34 6386.22 1470.11 630.093
internal_count=39296 3843 35453 27991 7462 3644
cat_boundaries=0 1 2
cat_threshold=25174144 1952840
is_linear=0
shrinkage=0.05


Tree=99
num_leaves=7
num_cat=1
split_feature=8 3 6 5 6 6
split_gain=23.5001 17.1956 16.481 15.6656 13.4707 7.0839
threshold=0 9.5416666666666696 0.70274107406582587 -18.307259563774661 0.9989479225610628 2.1660646051134393
decision_type=1 2 2 2 2 2
left_child=4 3 -3 -2 -1 -6
right_child=1 2 -4 -5 5 -7
leaf_value=-0.02578744783657589 -0.028494562268340864 -0.0045842159865236614 0.0012852750838493964 0.028736977681079259 -0.009685594246321573 0.014568879598787964
leaf_weight=130.94801790267229 13.029012054204939 1457.184694506228 6650.1863631755114 86.504612788558006 151.21648988127708 36.589227706193924
leaf_count=927 53 7563 29449 356 785 149
internal_value=-4.10992e-05 0.000484167 0.000229882 0.0210364 -0.0131288 -0.00490808
internal_weight=8525.66 8206.9 8107.37 99.5336 318.754 187.806
internal_count=39282 37421 37012 409 1861 934
cat_boundaries=0 1
cat_threshold=25165824
is_linear=0
shrinkage=0.05


Tree=100
num_leaves=7
num_cat=0
split_feature=4 3 4 6 6 3
split_gain=18.9031 24.212 22.4662 16.7496 15.4911 19.3515
threshold=-13.433003884005142 14.375000000000002 18.512558703174239 0.3965693647393726 0.97599332194243826 13.958333333333334
decision_type=2 2 2 2 2 2
left_child=4 2 -2 -3 5 -1
right_child=1 3 -4 -5 -6 -7
leaf_value=-0.0072626626171560307 0.00059586880853959015 -0.051001217517964173 0.031356872027342088 -0.0058478740189840256 0.017862369823677806 0.010956913058167922
leaf_weight=256.36284345388412 6303.8013233095407 19.891517512500286 58.921413496136665 1292.6523107662797 251.49815874174237 335.17373845353723
leaf_count=1179 27526 128 259 7152 1135 1847
internal_value=0.000390839 -0.000390141 0.000885611 -0.00657048 0.00749318 0.0030619
internal_weight=8518.3 7675.27 6362.72 1312.54 843.035 591.537
internal_count=39226 35065 27785 7280 4161 3026
is_linear=0
shrinkage=0.05


Tree=101
num_leaves=7
num_cat=1
split_feature=8 3 3 2 0 4
split_gain=15.9243 23.7966 17.0735 10.3106 16.5311 9.43532
threshold=0 9.5416666666666696 14.958333333333334 2.6724236916641266 9.56680371588706 -16.442722328144413
decision_type=1 2 2 2 2 2
left_child=3 -2 -3 5 -5 -1
right_child=1 2 -4 4 -6 -7
leaf_value=0.010467482026210085 0.029728120409111804 -0.0018092700557368721 -0.014259370265794833 0.016682527600044787 -0.018893884244205166 0.00088785468038030341
leaf_weight=272.70769730210304 56.025269865989685 3389.4899471625686 298.77391172945499 227.02942723035812 37.254499487578869 4226.1147855892777
leaf_count=1231 231 15973 2516 972 167 18109
internal_value=0.00011586 -0.00232037 -0.0028214 0.00203167 0.0116152 0.00147075
internal_weight=8507.4 3744.29 3688.26 4763.11 264.284 4498.82
internal_count=39199 18720 18489 20479 1139 19340
cat_boundaries=0 1
cat_threshold=872542
is_linear=0
shrinkage=0.05


Tree=102
num_leaves=7
num_cat=0
split_feature=4 6 5 5 1 3
split_gain=18.5603 21.2511 29.0726 14.2973 12.1291 7.44521
threshold=-18.653581439978225 0.97599332194243826 -17.857530433018862 11.852221681221094 0.34860744657157111 15.29166666666667
decision_type=2 2 2 2 2 2
left_child=4 3 -3 -2 -1 -6
right_child=1 2 -4 -5 5 -7
leaf_value=-0.009731675330043257 -0.0049007417543417463 0.019594191459246846 0.0010524223498649514 0.0028335708863054905 0.018105995665045237 -0.0049394815348542849
leaf_weight=57.575259141623974 2742.8309631198645 221.0026591271162 4433.7940523959696 763.14319536462426 269.16744741052389 39.838715627789497
leaf_count=335 13560 971 19145 3773 1245 287
internal_value=0.000217578 -0.000277429 0.00193678 -0.00321689 0.0112081 0.0151285
internal_weight=8527.35 8160.77 4654.8 3505.97 366.581 309.006
internal_count=39316 37449 20116 17333 1867 1532
is_linear=0
shrinkage=0.05


Tree=103
num_leaves=7
num_cat=0
split_feature=3 0 6 3 2 5
split_gain=19.0607 17.1556 12.7752 16.4771 15.2938 9.16438
threshold=15.708333333333334 2.1930458849380274 0.59381346674005764 15.208333333333334 0.58326979482214991 -22.13638279251845
decision_type=2 2 2 2 2 2
left_child=2 -2 3 -1 -4 -3
right_child=1 5 4 -5 -6 -7
leaf_value=-0.0029493061999586695 0.067535213582790563 0.018672955934405044 -0.0040173700143955248 -0.026065667596804967 0.00214431926913119 -0.030776044819131949
leaf_weight=640.57045837491751 4.2582533806562415 9.8156054951250535 1190.3617812842131 86.693785261362791 6510.4603509157896 87.344243213534355
leaf_count=3195 22 88 5122 676 29357 909
internal_value=0.000332538 -0.0211077 0.000593009 -0.00573691 0.00119147 -0.0256411
internal_weight=8529.5 101.418 8428.09 727.264 7700.82 97.1598
internal_count=39369 1019 38350 3871 34479 997
is_linear=0
shrinkage=0.05


Tree=104
num_leaves=7
num_cat=1
split_feature=8 3 0 6 0 3
split_gain=15.0206 21.7711 15.1889 12.539 10.5139 9.58239
threshold=0 9.6250000000000018 17.239359789123572 1.6506756245619332 3.5319754838336483 15.79166666666667
decision_type=1 2 2 2 2 2
left_child=1 -1 -3 5 -5 -2
right_child=3 2 -4 4 -6 -7
leaf_value=0.020075215608307932 0.00062169502909710463 -0.0045479449771668968 0.023533875067968241 0.0022700713925864072 0.013325664969368696 -0.025038977519466238
leaf_weight=96.40118582546711 4900.958959415555 2511.9663029070944 48.114019438624382 514.8465768545866 368.94281436502934 35.65358866751194
leaf_count=408 21612 12718 306 2150 1542 364
internal_value=-1.02787e-05 -0.00311816 -0.00401119 0.00141141 0.00689514 0.000431333
internal_weight=8476.88 2656.48 2560.08 5820.4 883.789 4936.61
internal_count=39100 13432 13024 25668 3692 21976
cat_boundaries=0 1
cat_threshold=59827073
is_linear=0
shrinkage=0.05


Tree=105
num_leaves=7
num_cat=2
split_feature=6 5 8 8 5 2
split_gain=15.9216 22.7196 22.3743 20.4196 19.1925 13.4333
threshold=0.72965597701861451 -7.0948666678453076 0 1 16.715971385977788 5.8691712824941886
decision_type=2 2 1 1 2 2
left_child=3 2 -2 -1 -3 -5
right_child=1 4 -4 5 -6 -7
leaf_value=0.00025000035296728176 -0.0040824889556309229 -0.0010427800526483491 0.010014205590581448 -0.012436862663433549 0.0095269182699230029 0.028802807511582158
leaf_weight=1124.5589592009783 363.51892487704754 4727.7698535397649 1204.10661797598 610.65316921286285 471.38858222588897 19.482909962534904
leaf_count=5305 1682 21045 5296 3828 2114 85
internal_value=0.000407805 0.00150843 0.0067826 -0.00383506 -8.28166e-05 -0.0109448
internal_weight=8521.48 6766.78 1567.63 1754.7 5199.16 630.136
internal_count=39355 30137 6978 9218 23159 3913
cat_boundaries=0 1 2
cat_threshold=55577856 1858891
is_linear=0
shrinkage=0.05


Tree=106
num_leaves=7
num_cat=0
split_feature=6 7 4 5 7 6
split_gain=17.7073 20.557 18.8307 12.3804 15.0191 9.31591
threshold=1.5965494812685772 75.500000000000014 -22.026527775466779 1.1516471134152504 49.500000000000007 1.25901387230218
decision_type=2 2 2 2 2 2
left_child=1 2 -1 -2 -5 -3
right_child=3 5 -4 4 -6 -7
leaf_value=0.013877269028320574 0.0087744714998745383 -0.047005599851208835 -0.0013169167873594559 0.0024401764705771723 -0.021112457672829706 0.0065920398077416514
leaf_weight=209.27352134510875 869.30971892923117 33.932598762214184 6746.7747735753655 559.55769361555576 75.982908464968204 10.2631858587265
leaf_count=1052 3645 429 31434 2317 332 80
internal_value=-1.84511e-05 -0.00107638 -0.000857869 0.00490027 -0.000404434 -0.0346886
internal_weight=8505.09 7000.24 6956.05 1504.85 635.541 44.1958
internal_count=39289 32995 32486 6294 2649 509
is_linear=0
shrinkage=0.05


Tree=107
num_leaves=7
num_cat=0
split_feature=7 2 6 2 0 5
split_gain=15.5429 15.8814 22.0986 15.5574 15.6461 14.1155
threshold=63.500000000000007 1.1366907116099962 3.3998227983238221 1.8419453595501887 18.14601725672151 6.4287598081677162
decision_type=2 2 2 2 2 2
left_child=3 2 -2 4 -1 -3
right_child=1 5 -4 -5 -6 -7
leaf_value=-0.00075547723282662869 0.00046643405307958955 -0.015705081436499835 0.089996202005405701 0.0061362647430832267 0.027296084413411595 -3.9126646375114746e-05
leaf_weight=6408.8994407579303 360.09318838268518 455.88358499854803 6.0271355360746375 1008.5835536494851 49.097641482949257 209.8295718729496
leaf_count=28256 2007 2929 25 4395 240 1412
internal_value=-0.000430947 -0.00617989 0.00218141 0.000364242 -0.000538019 -0.0107747
internal_weight=8498.41 1031.83 366.12 7466.58 6458 665.713
internal_count=39264 6373 2032 32891 28496 4341
is_linear=0
shrinkage=0.05


Tree=108
num_leaves=7
num_cat=1
split_feature=8 3 3 6 3 1
split_gain=15.428 17.1824 16.462 14.5326 5.18418 4.96205
threshold=0 9.5416666666666696 15.458333333333334 0.45020867200923614 15.79166666666667 0.25711123155750287
decision_type=1 2 2 2 2 2
left_child=3 -2 -3 5 -5 -1
right_child=1 2 -4 4 -6 -7
leaf_value=0.026343523994193038 0.02399199000650485 -0.0021141522365313698 -0.021840415648754132 0.0025906055039467391 -0.018298469394604763 -0.020594711299781795
leaf_weight=5.1822267137467852 60.48183174431324 3966.675476770848 107.67809155397117 4240.8024386577308 28.925054859369993 85.652855843305588
leaf_count=31 249 19087 1184 18030 276 420
internal_value=-5.49937e-05 -0.00224002 -0.00264071 0.00201748 0.00244484 -0.0176591
internal_weight=8495.4 4134.84 4074.35 4360.56 4269.73 90.8351
internal_count=39277 20520 20271 18757 18306 451
cat_boundaries=0 1
cat_threshold=856158
is_linear=0
shrinkage=0.05


Tree=109
num_leaves=7
num_cat=2
split_feature=8 0 3 2 8 3
split_gain=14.2092 21.5215 17.6778 17.2888 14.2723 13.5664
threshold=0 4.2874563771488132 14.958333333333334 0.56759048620787911 1 13.04166666666667
decision_type=1 2 2 2 1 2
left_child=1 -1 3 -2 -4 -3
right_child=2 5 4 -5 -6 -7
leaf_value=-0.0022281150618622147 -0.0093954683035280886 0.0091528005769635802 -0.00056709438721759661 -6.6728122728801137e-05 -0.021039230601667114 0.0014210427293571656
leaf_weight=1914.4454618096352 581.55442676693201 1044.5578691065311 151.52881219983101 3368.5316175296903 207.26970245689154 1241.4045243747532
leaf_count=8043 2578 4388 1043 15682 1800 5819
internal_value=-0.000389546 0.00167817 -0.00240345 -0.00144219 -0.0130195 0.00495648
internal_weight=8509.29 4200.41 4308.88 3950.09 358.799 2285.96
internal_count=39353 18250 21103 18260 2843 10207
cat_boundaries=0 1 2
cat_threshold=5067074 34637960
is_linear=0
shrinkage=0.05


Tree=110
num_leaves=7
num_cat=3
split_feature=8 5 8 8 5 2
split_gain=15.3393 13.5706 21.6618 14.2633 9.70566 15.2015
threshold=0 -4.7397519966777395 1 2 16.264460122875004 1.2020777621405794
decision_type=1 2 1 1 2 2
left_child=4 2 -2 -3 -1 -6
right_child=1 3 -4 -5 5 -7
leaf_value=0.0017954284469199112 0.0073100448559986486 -0.0078516822903114975 -0.0038267634465846546 -0.001249380461106183 0.0026293886863510366 0.025095115999208509
leaf_weight=2634.9562927782536 902.55489003285766 1188.1209107525647 827.83627357147634 2616.5288030356169 203.04278164729476 118.93748481199145
leaf_count=11302 4268 6013 3991 12272 870 538
internal_value=-0.000111949 -0.00166421 0.00200307 -0.00333659 0.00278949 0.0109801
internal_weight=8491.98 5535.04 1730.39 3804.65 2956.94 321.98
internal_count=39254 26544 8259 18285 12710 1408
cat_boundaries=0 1 2 3
cat_threshold=540762 8889477 25403520
is_linear=0
shrinkage=0.05


Tree=111
num_leaves=7
num_cat=0
split_feature=4 6 5 6 5 4
split_gain=15.9561 22.3381 15.2503 12.6691 15.2365 10.1724
threshold=-7.8157408369982422 0.41945642845651704 12.091239763505216 0.73688420529265086 2.7768077881124706 -21.122098525845651
decision_type=2 2 2 2 2 2
left_child=3 -2 -3 5 -5 -1
right_child=1 2 -4 4 -6 -7
leaf_value=0.011646853388340997 -0.033881228529897833 -0.0014618359791962144 0.0054382629178751848 0.011659982400134794 0.00066514480994431084 -0.0044944541586076818
leaf_weight=119.77033408731222 49.417431447654963 5574.6210901588202 934.07067966461182 781.83978157117963 527.58155059814453 508.13393665291369
leaf_count=663 284 25256 4343 3604 2456 2725
internal_value=0.000450084 -0.000727795 -0.000470911 0.00443568 0.00723392 -0.00140194
internal_weight=8495.43 6558.11 6508.69 1937.33 1309.42 627.904
internal_count=39331 29883 29599 9448 6060 3388
is_linear=0
shrinkage=0.05


Tree=112
num_leaves=7
num_cat=2
split_feature=8 3 3 8 1 5
split_gain=13.7897 13.1861 13.4133 10.703 8.34403 7.93957
threshold=0 9.8750000000000018 11.958333333333334 1 0.38269330651618488 -2.410612241293014
decision_type=1 2 2 1 2 2
left_child=4 3 -3 -2 -1 -6
right_child=1 2 -4 -5 5 -7
leaf_value=-0.019512296600941965 0.01672869908728827 -0.0029874866355717395 0.0013876656094900155 0.0013019712585328226 0.005157656895959371 -0.010140970603851274
leaf_weight=125.30912155471742 201.95837835967541 2760.4410233199596 4790.4881289973855 256.41231305897236 132.54663081467152 232.04384879954159
leaf_count=801 832 11682 22906 1072 723 1340
internal_value=-0.000215194 0.000288006 -0.00021197 0.00851312 -0.0082633 -0.00458027
internal_weight=8499.2 8009.3 7550.93 458.371 489.9 364.59
internal_count=39356 36492 34588 1904 2864 2063
cat_boundaries=0 1 2
cat_threshold=25165952 34793493
is_linear=0
shrinkage=0.05


Tree=113
num_leaves=7
num_cat=2
split_feature=6 7 7 8 7 8
split_gain=11.8227 25.192 18.7895 16.7645 16.0796 14.7323
threshold=1.2193915620875961 29.500000000000004 75.500000000000014 0 49.500000000000007 1
decision_type=2 2 2 1 2 1
left_child=2 5 3 -1 -3 -2
right_child=1 4 -4 -5 -6 -7
leaf_value=0.0014192285965097518 0.0041698847481497379 0.014416710265922268 -0.039495930438278093 -0.0042400067118383315 0.0020853952024838009 -0.0043048877589747609
leaf_weight=3071.8516526445746 904.81220670044422 587.70693983137608 30.868007529526949 2264.7501178346574 480.534848023206 1154.8425567001104
leaf_count=13591 3715 2477 416 12034 2182 4908
internal_value=0.00020701 0.00264995 -0.00121684 -0.00098807 0.00887676 -0.000582334
internal_weight=8495.37 3127.9 5367.47 5336.6 1068.24 2059.65
internal_count=39323 13282 26041 25625 4659 8623
cat_boundaries=0 1 2
cat_threshold=2036835 4352315
is_linear=0
shrinkage=0.05


Tree=114
num_leaves=7
num_cat=2
split_feature=8 3 4 8 5 4
split_gain=14.4729 12.0268 14.7739 12.6332 10.8359 15.0162
threshold=0 15.04166666666667 -3.9193453128758828 1 -2.5192215939659026 -9.1870618605029772
decision_type=1 2 2 1 2 2
left_child=4 2 -2 -3 5 -1
right_child=1 3 -4 -5 -6 -7
leaf_value=0.029435848476150966 0.0039875380080267838 0.0025048459180461711 -0.000666985664740446 -0.010943237164315235 -0.014263607012889912 -0.0061423395758243493
leaf_weight=36.419636804610491 2718.7465334534645 287.08671194314957 4568.0401013866067 432.70583606138825 303.9090591724962 141.99671239964664
leaf_count=228 12056 1613 19771 3057 1833 780
internal_value=-5.15044e-05 0.000460075 0.00106996 -0.00570055 -0.00836356 0.00124372
internal_weight=8488.9 8006.58 7286.79 719.793 482.325 178.416
internal_count=39338 36497 31827 4670 2841 1008
cat_boundaries=0 1 2
cat_threshold=25165952 1689664
is_linear=0
shrinkage=0.05


Tree=115
num_leaves=7
num_cat=1
split_feature=7 8 6 2 0 1
split_gain=15.227 13.9377 12.34 10.8641 7.20842 3.82678
threshold=75.500000000000014 0 2.4987786207816911 7.5213835993636975 2.1930458849380274 0.96105366653781354
decision_type=2 1 2 2 2 2
left_child=1 3 -3 -1 -2 -6
right_child=4 2 -4 -5 5 -7
leaf_value=0.0052918095566085437 0.045367955875164963 -0.0011594662032146617 0.0090720934736728907 0.05725549468895607 -0.038470966490906616 0.0093717409182638486
leaf_weight=885.21732100099325 2.2419401556253424 7227.163584779948 306.22562527656555 9.1871446669101697 38.749104967340827 4.2815867513418189
leaf_count=3921 12 33463 1274 39 480 43
internal_value=-0.000195098 -3.80444e-05 -0.000741429 0.00582388 -0.0287991 -0.0336059
internal_weight=8473.07 8427.79 7533.39 894.404 45.2726 43.0307
internal_count=39232 38697 34737 3960 535 523
cat_boundaries=0 1
cat_threshold=2112
is_linear=0
shrinkage=0.05


Tree=116
num_leaves=7
num_cat=2
split_feature=6 8 7 5 8 7
split_gain=17.4161 18.0188 17.2199 17.1831 16.6793 15.1318
threshold=2.3130433228553451 0 18.500000000000004 -7.0948666678453076 1 72.500000000000014
decision_type=2 1 2 2 1 2
left_child=1 5 4 -3 -2 -1
right_child=2 3 -4 -5 -6 -7
leaf_value=-0.0041293323675166936 0.019782039942838305 0.0054845137382702799 0.018500476767825361 -0.00062707041896657939 -0.010700100518307297 -0.03699552121725861
leaf_weight=1805.1705881506205 53.760191649198532 1525.2962602898479 246.98777654767036 4665.4739312138408 135.663768902421 34.735538844019175
leaf_count=9405 223 6856 1029 20662 570 490
internal_value=0.000113853 -0.000415299 0.00982979 0.00087794 -0.00151361 -0.0047438
internal_weight=8467.09 8030.68 436.412 6190.77 189.424 1839.91
internal_count=39235 37413 1822 27518 793 9895
cat_boundaries=0 1 2
cat_threshold=58732416 4204854
is_linear=0
shrinkage=0.05


Tree=117
num_leaves=7
num_cat=2
split_feature=5 8 1 8 2 4
split_gain=13.1669 17.9049 17.9789 17.4377 14.1386 13.9331
threshold=-6.3228939733933318 0 0.50725841849724029 1 1.1140764467479369 10.615497786502351
decision_type=2 1 2 1 2 2
left_child=3 2 -2 -1 -5 -3
right_child=1 5 -4 4 -6 -7
leaf_value=0.010346088902635983 -0.012067080619636114 -0.00062712726682310322 -0.0013940255211233148 0.0044099870995474221 -0.004906232158723451 0.011011064509008864
leaf_weight=576.41894028894603 704.88571323268116 4316.1989138573408 895.35092650726438 923.07057699561119 727.17680171877146 272.45717626623809
leaf_count=2692 3780 19236 4360 4134 3526 1273
internal_value=-0.000342643 -0.00152893 -0.00606212 0.00295377 0.000302505 6.60096e-05
internal_weight=8415.56 6188.89 1600.24 2226.67 1650.25 4588.66
internal_count=39001 28649 8140 10352 7660 20509
cat_boundaries=0 1 2
cat_threshold=25354401 8814785
is_linear=0
shrinkage=0.05


Tree=118
num_leaves=7
num_cat=1
split_feature=6 4 8 0 4 0
split_gain=14.1673 21.2576 21.0118 24.3964 18.7686 15.9592
threshold=1.2063027133204005 -15.164377309078249 0 18.14601725672151 -22.026527775466779 5.0152494063707147
decision_type=2 2 1 2 2 2
left_child=2 -2 3 -1 -4 -3
right_child=1 5 4 -5 -6 -7
leaf_value=0.0024393403346870423 0.027368694305704506 -9.7932864279739136e-05 0.014418031962752799 0.056864951491341534 -0.0043571446240150535 0.0077479032482171313
leaf_weight=1783.4817018136382 85.442065328359604 2185.2557858861983 137.71993765980005 19.833766054362059 3311.9991981144994 920.42919012531638
leaf_count=8226 374 9221 734 103 16499 3984
internal_value=0.000283401 0.00291055 -0.0013128 0.00305221 -0.00359323 0.00222908
internal_weight=8444.16 3191.13 5253.03 1803.32 3449.72 3105.68
internal_count=39141 13579 25562 8329 17233 13205
cat_boundaries=0 1
cat_threshold=529761
is_linear=0
shrinkage=0.05


Tree=119
num_leaves=7
num_cat=2
split_feature=8 3 4 8 0 3
split_gain=11.6338 11.6377 11.5878 11.7403 11.1663 11.1576
threshold=0 15.458333333333334 -16.442722328144413 1 12.279699739436559 15.79166666666667
decision_type=1 2 2 1 2 2
left_child=1 4 3 -2 -1 -4
right_child=2 -3 5 -5 -6 -7
leaf_value=-0.0040313115978819541 0.019863737280387549 -0.028446232330748434 0.00049280039679240671 0.0020571041189975758 0.010358614479504584 -0.028508162267098069
leaf_weight=1766.7887486070395 144.825848672539 44.794212738052011 6067.9359706677496 251.82559334486723 144.99143264815211 32.347963504493237
leaf_count=8557 658 586 26952 1241 838 367
internal_value=-0.000146772 -0.00351545 0.00087217 0.00914354 -0.00293512 0.00033437
internal_weight=8453.51 1956.57 6496.94 396.651 1911.78 6100.28
internal_count=39199 9981 29218 1899 9395 27319
cat_boundaries=0 1 2
cat_threshold=62915845 1648648
is_linear=0
shrinkage=0.05


Tree=120
num_leaves=7
num_cat=2
split_feature=6 8 8 7 4 7
split_gain=13.7316 15.8942 14.1995 13.8309 12.8162 11.1565
threshold=2.1660646051134393 0 1 9.5000000000000018 -7.8157408369982422 48.500000000000007
decision_type=2 1 1 2 2 2
left_child=2 3 -1 -2 -4 -3
right_child=1 5 4 -5 -6 -7
leaf_value=-0.01591867081788861 -0.052160419248857254 0.016274426931356788 0.003617981216242279 -0.0016644593131050611 -0.0011566530098612068 -0.0067711326106784375
leaf_weight=132.11582758463919 14.255094423890112 352.32129007577896 1841.2112567443401 122.75806139409542 5927.2305381055921 61.113928854465485
leaf_count=833 61 1460 8946 519 27131 257
internal_value=0.000219804 0.00784809 -0.000312601 -0.00676766 -2.46573e-05 0.0125567
internal_weight=8451.01 550.448 7900.56 137.013 7768.44 413.435
internal_count=39207 2297 36910 580 36077 1717
cat_boundaries=0 1 2
cat_threshold=34997312 16777216
is_linear=0
shrinkage=0.05


Tree=121
num_leaves=7
num_cat=1
split_feature=8 6 3 3 6 4
split_gain=12.6181 15.3051 31.7551 14.862 8.75095 11.6068
threshold=0 0.85462029969007314 11.708333333333334 15.54166666666667 0.46286739716751635 0.22529446140109391
decision_type=1 2 2 2 2 2
left_child=4 3 -3 -2 5 -1
right_child=1 2 -4 -5 -6 -7
leaf_value=-9.9678548274310884e-05 -0.0059519357635495103 -0.0056062111769669262 0.0051372482555614328 -0.040142402529120352 0.0020391006624919696 -0.035584152559620413
leaf_weight=63.733873076736927 1164.5602860786021 1345.5262974351645 1404.9758729226887 31.717870680615306 4392.1052914075553 35.101898033171892
leaf_count=320 6471 5824 6790 487 19075 183
internal_value=-0.000107825 -0.00216707 -0.000118504 -0.00689123 0.00170302 -0.0129323
internal_weight=8437.72 3946.78 2750.5 1196.28 4490.94 98.8358
internal_count=39150 19572 12614 6958 19578 503
cat_boundaries=0 1
cat_threshold=1036376
is_linear=0
shrinkage=0.05


Tree=122
num_leaves=7
num_cat=2
split_feature=5 8 5 8 6 6
split_gain=12.3594 28.9336 16.7969 19.5879 15.0089 12.9837
threshold=16.264460122875004 0 -5.0134039420871215 1 0.98475744023910672 0.62050741844185298
decision_type=2 1 2 1 2 2
left_child=2 5 4 -4 -1 -2
right_child=1 -3 3 -5 -6 -7
leaf_value=-0.0013251690014778248 -0.022722883804034963 0.01349764418423265 -0.01013985639517634 -0.0012175188981744327 0.0062960066942962861 -5.9220338846043508e-05
leaf_weight=1299.3619417119771 82.3948257509619 472.94624677672982 707.99683215282857 4327.0071886740625 1283.2370040044188 260.91170385293663
leaf_count=6434 487 2242 3922 19321 5551 1208
internal_value=-0.00018828 0.00565511 -0.000815079 -0.00249645 0.0024626 -0.00539217
internal_weight=8433.86 816.253 7617.6 5035 2582.6 343.307
internal_count=39165 3937 35228 23243 11985 1695
cat_boundaries=0 1 2
cat_threshold=26691332 58753153
is_linear=0
shrinkage=0.05


Tree=123
num_leaves=7
num_cat=1
split_feature=8 4 6 4 7 5
split_gain=12.0931 18.1036 15.7661 13.5055 12.931 11.0633
threshold=0 -14.611688760541172 0.46286739716751635 3.3797764526955159 1.0000000180025095e-35 18.249617522502671
decision_type=1 2 2 2 2 2
left_child=1 -1 3 -2 -3 -4
right_child=2 4 5 -5 -6 -7
leaf_value=0.013107699104651472 -0.0071336671681111047 0.02669656666206845 0.00049864695638850024 -0.043632302424696678 -0.0063611824678058348 0.0080760886151254648
leaf_weight=139.18824527412653 108.45907730422914 29.226284176111221 6123.5138676259667 32.296501368284225 1454.8024414796382 521.849399715662
leaf_count=777 596 122 27432 192 7512 2426
internal_value=-0.00018706 -0.00404851 0.000741917 -0.015757 -0.00569261 0.00109482
internal_weight=8409.34 1623.22 6786.12 140.756 1484.03 6645.36
internal_count=39057 8411 30646 788 7634 29858
cat_boundaries=0 1
cat_threshold=59771393
is_linear=0
shrinkage=0.05


Tree=124
num_leaves=7
num_cat=2
split_feature=3 3 8 2 8 0
split_gain=12.7768 25.1191 23.7557 14.1976 13.2937 13.8361
threshold=10.708333333333334 11.958333333333334 0 1.1199708469768179 1 6.554694787752986
decision_type=2 2 1 2 1 2
left_child=4 2 -2 -3 5 -1
right_child=1 3 -4 -5 -6 -7
leaf_value=0.0019357983449765964 -0.0011392050166200392 0.0031848633090112316 -0.012399657190863753 -0.0021302570143560749 0.0082811636855028205 -0.016961236547661431
leaf_weight=588.68237021565437 1078.602325886488 2609.4604815598577 829.51213639229536 2421.2596072033048 786.28727981448174 114.90898910164833
leaf_count=2484 4554 12191 3687 12452 3305 490
internal_value=-0.000324021 -0.00122617 -0.00610929 0.000626808 0.00387558 -0.00115374
internal_weight=8428.71 6938.83 1908.11 5030.72 1489.88 703.591
internal_count=39163 32884 8241 24643 6279 2974
cat_boundaries=0 1 2
cat_threshold=685530 22824392
is_linear=0
shrinkage=0.05


Tree=125
num_leaves=7
num_cat=2
split_feature=4 8 8 0 2 3
split_gain=10.9213 23.4732 13.8786 13.6049 13.4322 13.0714
threshold=-6.3125074521021727 0 1 8.6708643154060407 0.5580949135680463 10.708333333333334
decision_type=2 1 1 2 2 2
left_child=1 4 5 -4 -1 -2
right_child=2 -3 3 -5 -6 -7
leaf_value=-0.014836650651707466 0.0021161679792737211 -0.0022139101631629063 -0.00073688219657744823 0.0086439790049648857 0.0090090741615673521 -0.0083089882469513706
leaf_weight=61.444727286696434 415.21989005804062 1188.2031320165843 4136.0252150222659 425.33062187582254 1124.4252899363637 1085.62888010405
leaf_count=275 1810 5864 18044 2088 5400 5713
internal_value=-0.00011303 0.00276103 -0.00123883 0.000139248 0.00769722 -0.00538942
internal_weight=8436.28 2374.07 6062.2 4561.36 1185.87 1500.85
internal_count=39194 11539 27655 20132 5675 7523
cat_boundaries=0 1 2
cat_threshold=33897442 58796928
is_linear=0
shrinkage=0.05


Tree=126
num_leaves=7
num_cat=1
split_feature=6 8 2 4 5 5
split_gain=14.2407 23.5607 15.2727 16.5636 13.6685 13.074
threshold=0.70274107406582587 0 0.56278197195040092 8.8096861578818935 16.715971385977788 0.64529981386026491
decision_type=2 1 2 2 2 2
left_child=1 -1 3 -2 -4 -3
right_child=2 5 4 -5 -6 -7
leaf_value=-0.014920092046975275 -0.0067595154571321453 -0.006536556769496187 0.00096742583763264527 0.018598006213133657 0.01015026107930103 0.0042947753523708788
leaf_weight=398.50152924656868 935.671765178442 531.34343461506069 5472.4688640031964 68.199110627174377 436.67266205325723 583.53142942301929
leaf_count=2721 4035 2580 24743 295 1996 2792
internal_value=-0.00028311 -0.00467457 0.000678793 -0.00502003 0.00164762 -0.000860897
internal_weight=8426.39 1513.38 6913.01 1003.87 5909.14 1114.87
internal_count=39162 8093 31069 4330 26739 5372
cat_boundaries=0 1
cat_threshold=29500325
is_linear=0
shrinkage=0.05


Tree=127
num_leaves=7
num_cat=2
split_feature=5 8 5 8 6 4
split_gain=13.5212 22.1099 19.2984 18.9338 20.7104 9.27412
threshold=0.44829284501562144 0 18.249617522502671 1 0.72586902640381423 -22.873424831459737
decision_type=2 1 2 1 2 2
left_child=3 -2 -3 4 -1 -5
right_child=1 2 -4 5 -6 -7
leaf_value=-0.019880620545662114 -0.0078079161803558646 -0.0014995354460703109 0.0092796021729343158 0.024704007455417523 -0.00077031304696399152 0.0035357911047691269
leaf_weight=168.8872830979526 1163.2188993711025 2502.6728691477329 496.79299588687718 51.625547420233488 857.24305091798306 3205.0822305753827
leaf_count=1072 5884 11271 2321 261 4048 14420
internal_value=3.48416e-05 -0.0019942 0.000287323 0.00200697 -0.003894 0.00386696
internal_weight=8445.52 4162.68 2999.47 4282.84 1026.13 3256.71
internal_count=39277 19476 13592 19801 5120 14681
cat_boundaries=0 1 2
cat_threshold=25216652 62990368
is_linear=0
shrinkage=0.05


Tree=128
num_leaves=7
num_cat=3
split_feature=3 8 6 0 8 8
split_gain=10.5061 21.7318 14.4994 13.7934 21.4459 15.55
threshold=10.04166666666667 0 0.46286739716751635 17.239359789123572 1 2
decision_type=2 1 2 2 1 1
left_child=1 -1 -3 5 -5 -2
right_child=3 2 -4 4 -6 -7
leaf_value=-0.0062080280881765858 0.0016014088614888095 -0.054543508782581074 0.015056562553411047 0.040994703246229364 -0.0039112019834155864 -0.0028814466771237483
leaf_weight=216.63891865313053 3746.0294981468469 6.6749009639024726 375.41941270232201 39.501867342740297 59.225882394239306 3978.9079342056066
leaf_count=934 16894 28 1553 228 341 19201
internal_value=1.79562e-05 0.00639581 0.0133529 -0.000470886 0.0180054 -0.000709321
internal_weight=8422.4 598.733 382.094 7823.67 98.7277 7724.94
internal_count=39179 2515 1581 36664 569 36095
cat_boundaries=0 1 2 3
cat_threshold=17630146 39334049 5130050
is_linear=0
shrinkage=0.05


Tree=129
num_leaves=7
num_cat=2
split_feature=7 8 0 6 4 8
split_gain=12.7307 20.5263 18.0717 10.956 20.7224 14.1
threshold=61.500000000000007 0 8.5475645188512903 1.8817051691308795 -5.5105733246153861 1
decision_type=2 1 2 2 2 1
left_child=3 2 -2 5 -5 -1
right_child=1 -3 -4 4 -6 -7
leaf_value=0.0037278003489541627 -0.0036694109598639003 -0.012306593267678672 0.014764213873268537 0.023195570732865191 0.0024687104947117831 -0.0014207947075201692
leaf_weight=1866.6204294115305 554.94707241654396 506.94397331960499 173.75565182976425 146.64380165934563 659.84832246601582 4546.7291688621044
leaf_count=8180 2833 3533 1080 613 2748 20322
internal_value=-3.00446e-05 -0.00471759 0.000730201 0.000772752 0.00626152 8.16601e-05
internal_weight=8455.49 1235.65 728.703 7219.84 806.492 6413.35
internal_count=39309 7446 3913 31863 3361 28502
cat_boundaries=0 1 2
cat_threshold=52265070 525010
is_linear=0
shrinkage=0.05


Tree=130
num_leaves=7
num_cat=1
split_feature=6 8 3 6 3 3
split_gain=14.4734 10.746 10.8842 9.62557 17.5304 15.1745
threshold=2.9653378108547357 0 15.04166666666667 1.2193915620875961 11.54166666666667 15.79166666666667
decision_type=2 1 2 2 2 2
left_child=3 2 -2 5 -5 -1
right_child=1 -3 -4 4 -6 -7
leaf_value=-0.0014091929656949611 -0.013563611081995912 0.021075248398755408 0.055271141530789825 -0.0014391975898030559 0.0063695907282024511 -0.0376531206405862
leaf_weight=5300.5894300751388 50.184267848730087 124.97587229311466 5.4777857363224021 1648.7926840037107 1272.7423442266881 28.039312714710832
leaf_count=25562 210 525 23 6924 5542 407
internal_value=-3.51084e-05 0.0139261 -0.00504348 -0.000342442 0.00196365 -0.00160694
internal_weight=8430.8 180.638 55.6621 8250.16 2921.54 5328.63
internal_count=39193 758 233 38435 12466 25969
cat_boundaries=0 1
cat_threshold=1082967
is_linear=0
shrinkage=0.05


Tree=131
num_leaves=7
num_cat=2
split_feature=4 8 6 8 2 0
split_gain=9.40298 15.4584 12.9507 12.2648 10.7474 6.78247
threshold=-7.8157408369982422 0 0.3965693647393726 1 1.4644395084737252 18.14601725672151
decision_type=2 1 2 1 2 2
left_child=1 4 -2 -4 -1 -3
right_child=2 5 3 -5 -6 -7
leaf_value=0.0037607262295818161 -0.033101946361184957 -0.0026719276249126556 0.0020885681472043276 -0.0024422701996110871 0.014815922733709165 0.020050488062858318
leaf_weight=699.17305844277143 30.223228713497519 864.68653886392713 2317.0072517953813 4161.733658855781 320.37539843097329 33.143079806119204
leaf_count=3291 184 4298 10483 19160 1599 193
internal_value=-7.0737e-05 0.00300575 -0.000977316 -0.000822369 0.00717543 -0.00179183
internal_weight=8426.34 1917.38 6508.96 6478.74 1019.55 897.83
internal_count=39208 9381 29827 29643 4890 4491
cat_boundaries=0 1 2
cat_threshold=42416994 4735189
is_linear=0
shrinkage=0.05


Tree=132
num_leaves=7
num_cat=2
split_feature=6 8 3 8 6 5
split_gain=13.1326 16.0418 14.2159 16.9592 15.8881 13.2281
threshold=0.72965597701861451 0 12.04166666666667 1 1.4672665368888553 -6.3228939733933318
decision_type=2 1 2 1 2 2
left_child=1 5 4 -4 -2 -1
right_child=2 -3 3 -5 -6 -7
leaf_value=0.0011465522403564393 -0.004253521537223982 -0.0016730905840399567 0.0064992271694810618 -0.00060047082440290659 0.0027321523550327123 -0.021887508338232508
leaf_weight=89.578072633594275 1956.7071135491133 1425.3556290827692 1822.962308447808 1557.7008765749633 1392.2939198464155 203.18811545148492
leaf_count=600 8508 7164 8586 7247 5817 1410
internal_value=-3.6875e-05 -0.00393717 0.000959329 0.00324615 -0.00134939 -0.0143706
internal_weight=8447.79 1718.12 6729.66 3380.66 3349 292.766
internal_count=39332 9174 30158 15833 14325 2010
cat_boundaries=0 1 2
cat_threshold=21103265 38703845
is_linear=0
shrinkage=0.05


Tree=133
num_leaves=7
num_cat=2
split_feature=3 5 8 5 8 5
split_gain=10.4197 16.2423 15.3698 9.5737 25.0439 12.6815
threshold=9.5416666666666696 -18.307259563774661 0 -7.0948666678453076 1 12.091239763505216
decision_type=2 2 1 2 1 2
left_child=1 -1 -3 4 -2 -5
right_child=3 2 -4 5 -6 -7
leaf_value=-0.0359990210179525 0.0087647691819612641 -0.01138699246954958 0.032004817194262951 -0.0018677018832164813 -0.0023599384652713117 0.0036924371328739764
leaf_weight=12.484473943710325 1002.0799943208694 25.273165613412857 70.994643464684486 5043.7320747319609 1006.5113985836506 1286.1936231013387
leaf_count=51 4718 106 294 23282 4691 6163
internal_value=0.000418397 0.0157241 0.0227329 0.000216916 0.00322361 -0.000737518
internal_weight=8447.27 108.752 96.2678 8338.52 2008.59 6329.93
internal_count=39305 451 400 38854 9409 29445
cat_boundaries=0 1 2
cat_threshold=21496240 9364085
is_linear=0
shrinkage=0.05


Tree=134
num_leaves=7
num_cat=0
split_feature=6 3 0 0 1 5
split_gain=14.3244 12.5722 16.7106 11.0742 4.69092 6.16039
threshold=0.46286739716751635 15.79166666666667 2.1930458849380274 19.484531596712788 0.86106721677434583 9.5371366634789378
decision_type=2 2 2 2 2 2
left_child=4 3 -3 -2 5 -1
right_child=1 2 -4 -5 -6 -7
leaf_value=-0.0096138947023541518 0.00012569914999398344 0.07789080688803951 -0.037145576246938511 0.023292243146252865 0.018238204917966811 -0.030769142167444377
leaf_weight=103.66538029909134 8161.4530153907835 2.5177788138389579 36.259094465523958 50.913983128964901 9.371287424117325 51.67219146899879
leaf_count=615 37493 13 479 269 50 297
internal_value=-0.000155945 0.000136352 -0.0279059 0.000272143 -0.0147111 -0.0168029
internal_weight=8415.85 8251.14 38.7769 8212.37 164.709 155.338
internal_count=39216 38254 492 37762 962 912
is_linear=0
shrinkage=0.05


Tree=135
num_leaves=7
num_cat=3
split_feature=5 8 5 8 8 0
split_gain=10.3202 21.1384 18.942 21.8667 19.7464 11.24
threshold=12.091239763505216 0 3.2571510127718963 1 2 8.6151216366470305
decision_type=2 1 2 1 1 2
left_child=2 -2 3 -1 -4 -3
right_child=1 5 4 -5 -6 -7
leaf_value=-0.0034688812592061566 0.011822205797258093 -0.0043850683168939805 -4.9623713309387139e-05 0.0032979910474217251 -0.010011400767559055 0.0096290149356097546
leaf_weight=1849.1897746175528 518.72372813150287 608.11016077920794 1040.8236366659403 3324.4977174401283 950.79676334746182 186.01725183427334
leaf_count=8901 2489 2787 4719 15061 4529 1002
internal_value=3.05267e-05 0.0041042 -0.000716333 0.000878829 -0.00485849 -0.00108082
internal_weight=8478.16 1312.85 7165.31 5173.69 1991.62 794.127
internal_count=39488 6278 33210 23962 9248 3789
cat_boundaries=0 1 2 3
cat_threshold=55089233 62986513 13048646
is_linear=0
shrinkage=0.05


Tree=136
num_leaves=7
num_cat=2
split_feature=6 8 8 4 5 0
split_gain=9.65486 23.1285 16.1928 14.0324 13.4315 11.3715
threshold=1.8160802914481033 0 1 -3.844412830954012 -16.950825004307188 4.3918305196874572
decision_type=2 1 1 2 2 2
left_child=2 4 3 -1 -2 -3
right_child=1 5 -4 -5 -6 -7
leaf_value=0.0059092047422874914 0.041752856201429121 0.0064199216702348384 -0.0026231939081430996 -0.00050057148826991615 -0.006622853737507612 0.021266236165229227
leaf_weight=1414.8338111303747 13.931243509054182 414.59878642857075 3878.9836871679872 2150.8356748484075 373.18988218903542 187.18778511881828
leaf_count=6304 60 1716 19477 9348 1589 785
internal_value=0.000225323 0.00486447 -0.000391487 0.00203801 -0.00465884 0.010885
internal_weight=8433.56 988.908 7444.65 3565.67 387.121 601.787
internal_count=39279 4150 35129 15652 1649 2501
cat_boundaries=0 1 2
cat_threshold=35456580 1512770
is_linear=0
shrinkage=0.05


Tree=137
num_leaves=7
num_cat=0
split_feature=6 0 4 4 3 4
split_gain=9.15628 16.7014 12.8236 12.4645 10.4823 13.5109
threshold=0.72965597701861451 5.1287184049332923 -9.0368097769329925 4.5042392490948533 14.625000000000002 1.696097021075256
decision_type=2 2 2 2 2 2
left_child=4 2 -2 -3 -1 -6
right_child=1 3 -4 -5 5 -7
leaf_value=-0.00088633560649846942 0.007784439517118962 0.0024640071417541655 -0.0022755190733896188 0.012700815865645827 -0.0038156327689333244 -0.021814867297050084
leaf_weight=1243.9916815385222 347.18338863179088 2523.4294137973338 3513.4016910456121 336.23323806747794 326.18386906571686 152.63073576055467
leaf_count=5981 1527 11870 15089 1644 2238 1025
internal_value=-5.76328e-05 0.000776147 -0.00136904 0.00367165 -0.00330857 -0.00958672
internal_weight=8443.05 6720.25 3860.59 2859.66 1722.81 478.815
internal_count=39374 30130 16616 13514 9244 3263
is_linear=0
shrinkage=0.05


Tree=138
num_leaves=7
num_cat=2
split_feature=4 8 6 3 3 8
split_gain=10.0981 21.151 16.0211 10.3314 15.1185 9.78904
threshold=9.3325860739804138 0 0.69090221437547716 10.708333333333334 11.958333333333334 1
decision_type=2 1 2 2 2 1
left_child=3 -2 -3 5 -5 -1
right_child=1 2 -4 4 -6 -7
leaf_value=0.0078639371035129635 0.017815688262518135 -0.018727190198506841 0.0044805256405122691 -0.0052289679115521655 0.00011365974884493252 -0.00034786729752649451
leaf_weight=622.16221755743027 225.20542737655342 96.599543208256364 311.40854930505157 1885.835183493793 4440.1727625690401 856.30513706803322
leaf_count=2602 1043 554 1471 8173 21848 3643
internal_value=-0.000107105 0.00596038 -0.00102149 -0.000600089 -0.0014796 0.00316157
internal_weight=8437.69 633.214 408.008 7804.48 6326.01 1478.47
internal_count=39334 3068 2025 36266 30021 6245
cat_boundaries=0 1 2
cat_threshold=67677 33683509
is_linear=0
shrinkage=0.05


Tree=139
num_leaves=7
num_cat=0
split_feature=3 6 4 3 6 6
split_gain=11.3086 11.2646 20.2419 18.1621 10.2289 13.6053
threshold=9.5416666666666696 1.2128964050651916 -15.164377309078249 15.79166666666667 0.65053950645700964 0.55867819398010921
decision_type=2 2 2 2 2 2
left_child=4 3 -3 -2 5 -1
right_child=1 2 -4 -5 -6 -7
leaf_value=0.010200074620666652 -0.0013331476960577588 0.026615861886595704 0.0015935374459238535 -0.043016470013034477 0.0060501167916365839 0.076963692922737525
leaf_weight=17.500598847866062 5160.850935511291 82.052363462746143 3021.3670878857374 25.266916399821639 72.809664845466614 13.042105451226233
leaf_count=72 25047 359 12874 401 305 53
internal_value=8.7128e-05 -0.000118768 0.00226347 -0.00154448 0.0164443 0.0402451
internal_weight=8392.89 8289.54 3103.42 5186.12 103.352 30.5427
internal_count=39111 38681 13233 25448 430 125
is_linear=0
shrinkage=0.05


Tree=140
num_leaves=7
num_cat=2
split_feature=6 5 4 8 2 8
split_gain=11.779 19.4967 14.8133 14.7798 13.9105 31.0189
threshold=1.0952152310813721 -18.307259563774661 -10.353815835929227 0 2.6724236916641266 1
decision_type=2 2 2 1 2 1
left_child=4 3 -3 -2 -1 -6
right_child=1 2 -4 -5 5 -7
leaf_value=-0.0024861823078001278 0.033019000589431954 0.011622917490232891 0.00034373750557683522 0.0023576270549544695 -0.015790325385813167 0.016521903494755522
leaf_weight=4216.1361583545804 76.303393073379993 317.33972775563598 3402.3108448050916 87.839468844234943 94.03523170016706 256.82357692532241
leaf_count=20965 325 1401 14649 392 459 1161
internal_value=3.16412e-05 0.0020556 0.00130888 0.0188667 -0.00168962 0.00786229
internal_weight=8450.79 3883.79 3719.65 164.143 4566.99 350.859
internal_count=39352 16767 16050 717 22585 1620
cat_boundaries=0 1 2
cat_threshold=1136157 29704832
is_linear=0
shrinkage=0.05


Tree=141
num_leaves=7
num_cat=1
split_feature=6 4 8 4 4 3
split_gain=8.75437 18.3753 15.798 13.5576 11.328 10.7059
threshold=0.72586902640381423 12.792119493453709 0 -6.3125074521021727 -21.122098525845651 9.8750000000000018
decision_type=2 2 1 2 2 2
left_child=2 3 4 -2 -1 -4
right_child=1 -3 5 -5 -6 -7
leaf_value=0.013824635688158502 0.0036854632668467321 0.014402458696540645 0.0176667445517718 -0.0015099554698516393 -0.013015820959954464 -0.0016310817718671858
leaf_weight=41.903341595083475 1698.0125686768442 223.25984968990088 76.097931891679764 4811.3851026333869 493.04616730473936 1058.9061922393739
leaf_count=270 7877 1034 311 21302 3127 5276
internal_value=-0.000473483 0.000330438 -0.00371286 -0.000154344 -0.010692 -0.000320003
internal_weight=8402.61 6732.66 1669.95 6509.4 534.95 1135
internal_count=39197 30213 8984 29179 3397 5587
cat_boundaries=0 1
cat_threshold=29528756
is_linear=0
shrinkage=0.05


Tree=142
num_leaves=7
num_cat=3
split_feature=3 4 8 8 8 0
split_gain=11.7186 11.22 19.8823 15.4815 11.0725 14.6392
threshold=9.5416666666666696 -3.844412830954012 0 1 2 5.799513970644135
decision_type=2 2 1 1 1 2
left_child=4 2 -2 -3 5 -1
right_child=1 3 -4 -5 -6 -7
leaf_value=0.026530197935678353 -0.0027287161803768172 -0.0053877259368471687 0.0053102533655927982 0.00055455343036064648 0.02466741572109345 -0.045403436564080038
leaf_weight=11.703583523631098 1199.5410975888371 1597.2302847765386 2112.4986290428787 3441.4407545942813 77.282202333211899 15.150459751486776
leaf_count=49 5968 7634 9963 15463 321 64
internal_value=0.000355303 0.000146431 0.00240658 -0.0013394 0.0169441 -0.010468
internal_weight=8454.85 8350.71 3312.04 5038.67 104.136 26.854
internal_count=39462 39028 15931 23097 434 113
cat_boundaries=0 1 2 3
cat_threshold=29900985 51619200 17564306
is_linear=0
shrinkage=0.05


Tree=143
num_leaves=7
num_cat=1
split_feature=8 6 6 4 0 7
split_gain=8.98799 10.9981 10.9827 17.008 10.5711 9.30886
threshold=0 0.55376546305321839 1.7954655912723754 -3.7695129504982439 5.0152494063707147 66.500000000000014
decision_type=1 2 2 2 2 2
left_child=1 5 -2 -4 -3 -1
right_child=2 4 3 -5 -6 -7
leaf_value=-0.0031988001049785041 -0.0034021760825811115 -0.00020954196999816105 0.020566869858382006 -0.001797672643022114 0.0043571208116944251 -0.023434578753011734
leaf_weight=277.60756698995829 2531.8867247533053 2861.1641076132655 126.88211485743523 253.15780861675739 2273.6665064375848 70.604645585641265
leaf_count=1298 13305 12158 530 1047 10326 533
internal_value=3.54854e-05 0.00122715 -0.00220467 0.00570345 0.001813 -0.00735723
internal_weight=8394.97 5483.04 2911.93 380.04 5134.83 348.212
internal_count=39197 24315 14882 1577 22484 1831
cat_boundaries=0 1
cat_threshold=6115702
is_linear=0
shrinkage=0.05


Tree=144
num_leaves=7
num_cat=2
split_feature=5 8 5 6 6 8
split_gain=9.28543 16.9624 15.5287 15.266 15.2305 14.9173
threshold=11.852221681221094 0 4.4232568422312006 0.68322883534915191 2.0870766143143853 1
decision_type=2 1 2 2 2 1
left_child=2 3 5 -2 -4 -1
right_child=1 -3 4 -5 -6 -7
leaf_value=-0.0030937210244229383 0.011537751040535343 0.0065404236470373361 -0.0036484987548441291 -0.016650783054788704 -0.024390163879927429 0.0025067303126003922
leaf_weight=1733.9208654183894 66.92922231554985 1107.3264951407909 1514.15502903983 164.01972252875566 93.057102203369141 3724.5391537528485
leaf_count=8368 369 5309 7137 738 386 16921
internal_value=0.000177747 0.00399498 -0.000545719 -0.00811724 -0.00486385 0.000726389
internal_weight=8403.95 1338.28 7065.67 230.949 1607.21 5458.46
internal_count=39228 6416 32812 1107 7523 25289
cat_boundaries=0 1 2
cat_threshold=90116 62986257
is_linear=0
shrinkage=0.05


Tree=145
num_leaves=7
num_cat=1
split_feature=8 6 2 3 2 5
split_gain=8.85464 14.4959 11.7017 9.05536 7.42386 9.38945
threshold=0 0.84727748565380678 4.3017368870557728 15.125000000000002 0.56278197195040092 1.2691290036729661
decision_type=1 2 2 2 2 2
left_child=1 3 -3 -1 -2 -6
right_child=4 2 -4 -5 5 -7
leaf_value=-0.0073887800335221999 -0.0036221660217513304 -0.0012019597098613581 0.018218700149259883 -0.030079529864769007 0.0035639502692694546 -0.00063963639032437055
leaf_weight=600.01699431985617 784.14531783014536 1579.9083674382418 80.566252633929253 46.625468114390969 2821.5215936135501 2509.0910671968013
leaf_count=3514 3324 7592 351 663 12639 11243
internal_value=-8.0452e-05 -0.00271233 -0.000249271 -0.00906879 0.000915781 0.0015856
internal_weight=8421.88 2307.12 1660.47 646.642 6114.76 5330.61
internal_count=39326 12120 7943 4177 27206 23882
cat_boundaries=0 1
cat_threshold=58763797
is_linear=0
shrinkage=0.05


Tree=146
num_leaves=7
num_cat=1
split_feature=6 5 5 4 8 6
split_gain=7.74599 9.56442 10.4883 8.73981 16.6128 11.2126
threshold=0.3965693647393726 3.4845781439082995 9.5371366634789378 -18.653581439978225 0 0.88097592514387657
decision_type=2 2 2 2 1 2
left_child=1 -1 -3 4 -2 -5
right_child=3 2 -4 5 -6 -7
leaf_value=-0.037294857066021148 0.024103386008912164 0.049485544530810978 -0.019172128502421362 -0.0026787433071240917 0.00072417776224586571 0.0013015839528437391
leaf_weight=29.192521002143621 99.338201779872179 7.6877455245703485 14.513939334079621 2648.7867154404521 258.44763640128076 5323.8735351581126
leaf_count=180 445 51 91 13539 1375 23459
internal_value=0.000202053 -0.0189628 0.00571004 0.000322552 0.00795642 -2.09852e-05
internal_weight=8381.84 51.3942 22.2017 8330.45 357.786 7972.66
internal_count=39140 322 142 38818 1820 36998
cat_boundaries=0 1
cat_threshold=1062922
is_linear=0
shrinkage=0.05


Tree=147
num_leaves=7
num_cat=2
split_feature=5 8 5 6 8 4
split_gain=12.6119 22.5997 15.0144 18.692 16.1352 12.2278
threshold=11.852221681221094 0 0.54742043888913983 1.8817051691308795 1 -11.240807922888131
decision_type=2 1 2 2 1 2
left_child=2 5 3 -1 -4 -2
right_child=1 -3 4 -5 -6 -7
leaf_value=1.0872158167665719e-05 -0.0218778967433262 0.0091361666039319177 -0.0092372276531649759 0.010264800732594174 -0.00095888815656673698 -0.00066984745703604909
leaf_weight=3791.5055768340826 83.240901041775942 896.98076356947422 840.5545879136771 502.45879442989826 1934.9953786805272 352.1284772567451
leaf_count=17821 422 4299 4171 2121 8725 1664
internal_value=0.000201485 0.00466187 -0.000639679 0.00121285 -0.00350507 -0.00465882
internal_weight=8401.86 1332.35 7069.51 4293.96 2775.55 435.369
internal_count=39223 6385 32838 19942 12896 2086
cat_boundaries=0 1 2
cat_threshold=8609836 25478529
is_linear=0
shrinkage=0.05


Tree=148
num_leaves=7
num_cat=2
split_feature=6 5 8 4 8 0
split_gain=13.2413 14.7457 13.4471 12.2684 10.6349 14.7504
threshold=1.9885597623483655 -0.52354975394714576 0 -4.9695164286121463 1 2.4605038444266656
decision_type=2 2 1 2 1 2
left_child=4 3 -3 -2 5 -1
right_child=1 2 -4 -5 -6 -7
leaf_value=-0.027246348667483246 0.031106948395234865 0.010150394970650919 -0.0088985710707496068 0.0083916516182248706 0.000225636318105674 -0.00313830523536624
leaf_weight=64.230306148529053 73.648048475384712 145.48094922304153 216.58246766030788 298.78570948541164 5262.1800364218652 2355.2327127978206
leaf_count=264 315 600 908 1261 23549 12393
internal_value=-0.000425452 0.00598365 -0.00120314 0.0129548 -0.00103897 -0.00377371
internal_weight=8416.14 734.497 362.063 372.434 7681.64 2419.46
internal_count=39290 3084 1508 1576 36206 12657
cat_boundaries=0 1 2
cat_threshold=21117345 63092865
is_linear=0
shrinkage=0.05


Tree=149
num_leaves=7
num_cat=1
split_feature=3 0 8 2 5 1
split_gain=10.2324 13.4837 13.3085 11.1649 10.9002 9.34749
threshold=10.04166666666667 18.14601725672151 0 0.96265994336684635 -19.937156393691968 0.17423285793685464
decision_type=2 2 1 2 2 2
left_child=2 5 -1 -3 -4 -2
right_child=1 3 4 -5 -6 -7
leaf_value=-0.0031122941344817077 -0.022327310487930029 0.05033842025803708 -0.016326613214501969 0.0082720462563696997 0.014957686588635062 -0.00034818558158759057
leaf_weight=227.70883269608021 47.68218182399869 21.302958179265261 29.483333334326744 55.688395639881492 342.86447790265083 7658.4346278999001
leaf_count=981 276 111 122 326 1426 35937
internal_value=0.000207602 -0.000277774 0.00649322 0.0204077 0.0121188 -0.000487062
internal_weight=8383.16 7783.11 600.057 76.9914 372.348 7706.12
internal_count=39179 36650 2529 437 1548 36213
cat_boundaries=0 1
cat_threshold=21758409
is_linear=0
shrinkage=0.05


Tree=150
num_leaves=7
num_cat=3
split_feature=3 8 2 8 8 2
split_gain=9.86454 12.774 11.0776 25.0682 12.3905 10.62
threshold=15.458333333333334 0 1.8419453595501887 1 2 1.9856839080415896
decision_type=2 1 2 1 1 2
left_child=2 -2 4 -4 -1 -3
right_child=1 5 3 -5 -6 -7
leaf_value=0.0021569625049177375 0.0046283290942299195 -0.011876680791374529 -0.0040656254626616753 0.010780982288814233 -0.0022846774362330394 -0.042463421105188401
leaf_weight=2374.2204188369215 101.30680283717811 134.82975114323199 488.21988336741924 659.93569941073656 4589.2849573940039 35.454815816134214
leaf_count=10972 692 1319 2261 2936 20638 340
internal_value=-0.000334322 -0.00969 -1.99234e-05 0.00452829 -0.000770383 -0.0174378
internal_weight=8383.25 271.591 8111.66 1148.16 6963.51 170.285
internal_count=39158 2351 36807 5197 31610 1659
cat_boundaries=0 1 2 3
cat_threshold=1605833 25188051 157424
is_linear=0
shrinkage=0.05


Tree=151
num_leaves=7
num_cat=0
split_feature=5 2 0 6 7 7
split_gain=10.1341 16.0067 16.6242 12.8009 10.0291 16.8031
threshold=16.715971385977788 1.297749990924421 5.0152494063707147 0.76131615838331945 14.500000000000002 30.500000000000004
decision_type=2 2 2 2 2 2
left_child=4 3 -3 -2 -1 -6
right_child=1 2 -4 -5 5 -7
leaf_value=0.0030593520949251142 -0.0094060389820456135 -0.0055208568723904144 0.023226971998212474 0.0064730394033132108 -0.0054702217656056812 0.00016464305767184475
leaf_weight=1421.9563477039337 206.76980658248067 68.300603490322828 186.22521390020847 325.16555614024401 1924.4420964047313 4228.2517708968371
leaf_count=6017 1053 311 1015 1424 8362 20900
internal_value=-0.000162625 0.0052359 0.0155212 0.000294579 -0.00072376 -0.00159843
internal_weight=8361.11 786.461 254.526 531.935 7574.65 6152.69
internal_count=39082 3803 1326 2477 35279 29262
is_linear=0
shrinkage=0.05


Tree=152
num_leaves=7
num_cat=1
split_feature=6 8 5 3 3 4
split_gain=9.26676 15.4073 15.0019 17.7514 14.0614 11.1839
threshold=0.97599332194243826 0 -17.857530433018862 13.29166666666667 15.625000000000002 -20.315056472338288
decision_type=2 1 2 2 2 2
left_child=1 4 3 -2 -1 -3
right_child=2 5 -4 -5 -6 -7
leaf_value=-0.0069102073781848357 0.00069531388782966442 0.013278167908456779 0.00039198802162348779 0.028753879540618039 -0.051362418604342958 -0.0011211687296656711
leaf_weight=959.29089950025082 122.98159697651863 141.24036117643118 4470.8535549677908 103.15018825978041 17.157544849440455 2594.5248144064099
leaf_count=5424 526 687 19514 474 303 12370
internal_value=-0.00044659 -0.00231329 0.00102892 0.0135645 -0.00766463 -0.00037183
internal_weight=8409.2 3712.21 4696.99 226.132 976.448 2735.77
internal_count=39298 18784 20514 1000 5727 13057
cat_boundaries=0 1
cat_threshold=63964692
is_linear=0
shrinkage=0.05


Tree=153
num_leaves=7
num_cat=2
split_feature=7 8 5 4 8 5
split_gain=6.86264 13.0434 16.3233 7.09903 15.2311 8.63051
threshold=74.500000000000014 0 -22.13638279251845 9.3325860739804138 1 1.1516471134152504
decision_type=2 1 2 2 1 2
left_child=3 2 -2 5 -5 -1
right_child=1 -3 -4 4 -6 -7
leaf_value=0.0015701412024658825 0.081391187904815809 -0.028956813485167279 -0.0038183814940716252 0.012940023537692802 -0.0026151447044566005 -0.0017876093240756228
leaf_weight=4089.4083593897521 5.6276048943400374 43.842806879431009 36.4844920206815 318.1969188041985 300.1843183785677 3595.2568466775119
leaf_count=18725 48 611 339 1460 1465 16608
internal_value=0.000267946 -0.0137057 0.00746155 0.000414237 0.00556366 -8.04559e-07
internal_weight=8389 85.9549 42.1121 8303.05 618.381 7684.67
internal_count=39256 998 387 38258 2925 35333
cat_boundaries=0 1 2
cat_threshold=4823112 35203196
is_linear=0
shrinkage=0.05


Tree=154
num_leaves=7
num_cat=2
split_feature=0 8 6 8 5 5
split_gain=11.4253 16.1612 13.5934 13.9228 13.5296 11.5591
threshold=8.6151216366470305 0 1.1115608958254068 1 -8.9269051976701359 22.118417635188049
decision_type=2 1 2 1 2 2
left_child=2 5 3 -1 -4 -2
right_child=1 -3 4 -5 -6 -7
leaf_value=-0.00011482514671724974 0.007617053276080081 -0.0011813162180511884 0.0090773389706524672 -0.0066601180789379252 0.00048744619285946353 0.030890264351528102
leaf_weight=2161.313940262422 753.51639285311103 700.3332649692893 544.41788399219513 1295.2588932439685 2874.1870815344155 56.595589086413383
leaf_count=9944 3723 4032 2353 6508 12338 288
internal_value=0.000487585 0.0044236 -0.000377656 -0.00258831 0.00185765 0.00916603
internal_weight=8385.62 1510.45 6875.18 3456.57 3418.6 810.112
internal_count=39186 8043 31143 16452 14691 4011
cat_boundaries=0 1 2
cat_threshold=5746795 34353887
is_linear=0
shrinkage=0.05


Tree=155
num_leaves=7
num_cat=1
split_feature=6 6 8 6 4 4
split_gain=8.80491 12.6839 10.4085 16.2181 10.31 7.95202
threshold=0.55867819398010921 0.56368879437017616 0 0.54159290190679599 -17.713915228950629 9.0839605388750666
decision_type=2 2 1 2 2 2
left_child=2 4 -1 -4 -2 -3
right_child=1 5 3 -5 -6 -7
leaf_value=-0.016054832490688675 0.095784137101381589 -7.8147831203772243e-05 0.003520363988338607 -0.026910211570188133 0.018449762455125206 0.0059210871274583002
leaf_weight=166.38817232102156 4.3341724127531078 7220.3551222169772 292.59883436001837 50.460102677345276 26.764862224459648 597.11888029612601
leaf_count=1046 20 33180 1613 275 137 2834
internal_value=9.58486e-05 0.000509628 -0.00626738 -0.000992003 0.0318759 0.000380788
internal_weight=8358.02 7848.57 509.447 343.059 31.099 7817.47
internal_count=39105 36171 2934 1888 157 36014
cat_boundaries=0 1
cat_threshold=54661398
is_linear=0
shrinkage=0.05


Tree=156
num_leaves=7
num_cat=0
split_feature=0 6 1 2 6 6
split_gain=7.88968 12.3054 16.8512 12.9523 8.86178 14.3604
threshold=8.6151216366470305 0.59381346674005764 0.31642069905840092 5.8691712824941886 0.55376546305321839 0.56843499274870324
decision_type=2 2 2 2 2 2
left_child=4 3 -3 -2 -1 -6
right_child=1 2 -4 -5 5 -7
leaf_value=-0.010172450602497239 -0.0072787955197747764 -0.0070037076622209374 0.0082032276567209298 0.057928661922949265 0.026289408093867223 -0.00088585421636293922
leaf_weight=254.64471458271146 313.67957094497979 224.094552654773 957.77771208249032 6.8123279362916938 47.976075813174248 6582.7225886788219
leaf_count=1314 1980 1230 4749 31 248 29676
internal_value=-0.000321212 0.00296046 0.00531636 -0.00571688 -0.00103759 -0.000685294
internal_weight=8387.71 1502.36 1181.87 320.492 6885.34 6630.7
internal_count=39228 7990 5979 2011 31238 29924
is_linear=0
shrinkage=0.05


Tree=157
num_leaves=7
num_cat=1
split_feature=3 3 8 0 0 5
split_gain=10.2839 9.56285 13.8856 10.7382 9.11155 6.74726
threshold=15.708333333333334 9.5416666666666696 0 18.14601725672151 2.1930458849380274 -12.663542190546972
decision_type=2 2 1 2 2 2
left_child=1 2 -1 -3 -2 -6
right_child=4 3 -4 -5 5 -7
leaf_value=-0.0056417260326414292 0.047786934612285052 -0.00013915285735323113 0.029065481084313817 0.018570256546963287 0.0047922587636944495 -0.028684494586561832
leaf_weight=50.174102380871773 4.2022325396537772 8126.492451723665 56.600563019514084 76.422943830490112 19.349104553461075 62.910979213193059
leaf_count=211 21 37431 236 417 207 760
internal_value=5.23247e-05 0.000231812 0.0150287 3.73968e-05 -0.0170032 -0.0208472
internal_weight=8396.15 8309.69 106.775 8202.92 86.4623 82.2601
internal_count=39283 38295 447 37848 988 967
cat_boundaries=0 1
cat_threshold=21828246
is_linear=0
shrinkage=0.05


Tree=158
num_leaves=7
num_cat=0
split_feature=7 1 7 2 4 4
split_gain=11.4938 18.9093 12.7984 19.2332 12.3614 9.64293
threshold=61.500000000000007 0.31642069905840092 60.500000000000007 2.050210232807594 -23.82440007484389 18.512558703174239
decision_type=2 2 2 2 2 2
left_child=2 -2 5 -4 -3 -1
right_child=1 4 3 -5 -6 -7
leaf_value=3.27849510172331e-05 -0.016953892040754953 0.020202371885919345 0.0083431559034155556 0.06557716042601601 -0.0030454059413616932 0.019096940982105369
leaf_weight=6982.6443735733628 251.36712858639657 60.026651432737708 99.172989308834076 16.317803531885147 907.37750198505819 65.966801084578037
leaf_count=30933 1726 339 463 74 5394 294
internal_value=-0.000278257 -0.00476491 0.00048558 0.0169233 -0.00158353 0.000213887
internal_weight=8382.87 1218.77 7164.1 115.491 967.404 7048.61
internal_count=39223 7459 31764 537 5733 31227
is_linear=0
shrinkage=0.05


Tree=159
num_leaves=7
num_cat=2
split_feature=6 4 2 0 8 8
split_gain=10.8943 14.1259 9.03066 9.01836 18.2744 11.971
threshold=0.46286739716751635 0.22529446140109391 1.4244230824125659 8.6708643154060407 0 1
decision_type=2 2 2 2 1 1
left_child=1 2 -1 5 -5 -2
right_child=3 -3 -4 4 -6 -7
leaf_value=-0.013765664142310265 0.0023808303666860899 -0.034082478676798991 0.015916614351075869 0.010584405849768551 -0.0010518283761995395 -0.002113856435366298
leaf_weight=66.988619612529874 2151.7994953431189 52.517660720273852 40.144867636263371 559.87795776873827 826.78691967856139 4696.1554414220154
leaf_count=380 9685 334 234 2751 4519 21387
internal_value=-0.000207835 -0.0131031 -0.00259884 4.37373e-05 0.00371934 -0.000700982
internal_weight=8394.27 159.651 107.133 8234.62 1386.66 6847.95
internal_count=39290 948 614 38342 7270 31072
cat_boundaries=0 1 2
cat_threshold=5669996 17362
is_linear=0
shrinkage=0.05


Tree=160
num_leaves=7
num_cat=2
split_feature=6 8 4 8 0 3
split_gain=8.73708 16.1316 15.3072 11.6713 9.68038 8.40248
threshold=2.4987786207816911 0 5.1301790596213896 1 19.484531596712788 10.04166666666667
decision_type=2 1 2 1 2 2
left_child=3 -2 -3 4 -1 -5
right_child=1 2 -4 5 -6 -7
leaf_value=-0.00332982568490781 -0.0074471024214087522 0.010205949809523536 0.046710747912570141 0.0083118981939316171 0.028844504476161499 0.00034299467995960311
leaf_weight=2895.8136247294024 113.03001368045807 184.17702080309391 33.255048036575317 354.24938444793224 22.577800581231713 4805.6875000800937
leaf_count=14433 477 780 140 1470 138 21882
internal_value=-0.000213799 0.00774243 0.015278 -0.000540185 -0.00306063 0.000889871
internal_weight=8408.79 330.462 217.432 8078.33 2918.39 5159.94
internal_count=39320 1397 920 37923 14571 23352
cat_boundaries=0 1 2
cat_threshold=9537106 63709349
is_linear=0
shrinkage=0.05


Tree=161
num_leaves=7
num_cat=3
split_feature=5 8 5 8 8 4
split_gain=8.82145 17.678 14.297 20.839 10.983 9.51486
threshold=11.852221681221094 0 3.2571510127718963 1 2 -20.315056472338288
decision_type=2 1 2 1 1 2
left_child=2 5 4 -4 -1 -2
right_child=1 -3 3 -5 -6 -7
leaf_value=-0.0038955892422002075 0.039610848377829161 -0.0011367531112374861 -0.011679077265142453 -0.00069973717417723023 0.001789826391259123 0.0091412773945526073
leaf_weight=1065.317193669267 26.092190809547901 801.75877705588937 647.47943905368447 1276.0643016565591 4024.1665327958763 516.48185311071575
leaf_count=5192 136 3839 3198 5809 18468 2482
internal_value=-8.15946e-05 0.00362712 -0.000792937 -0.00446394 0.000595102 0.0104839
internal_weight=8357.36 1344.33 7013.03 1923.54 5089.48 542.574
internal_count=39124 6457 32667 9007 23660 2618
cat_boundaries=0 1 2 3
cat_threshold=55089233 51438760 50337809
is_linear=0
shrinkage=0.05


Tree=162
num_leaves=7
num_cat=2
split_feature=3 3 6 8 8 4
split_gain=8.93333 12.9476 16.7266 14.9781 6.30803 7.13693
threshold=10.708333333333334 11.29166666666667 1.2063027133204005 0 1 -2.2484360959864964
decision_type=2 2 2 1 1 2
left_child=4 3 -3 -2 -1 -6
right_child=1 2 -4 -5 5 -7
leaf_value=0.0081554936801875987 -0.014341323943977394 -0.0015178315284243489 0.0044464408864497386 -0.0012005093945239419 0.0081432862451052291 -0.0013131061987645496
leaf_weight=477.67453624308109 344.1671412140131 4395.6234905542806 1603.531485106796 577.84155771881342 271.22493439912796 746.37148283421993
leaf_count=2050 1490 22141 6971 2471 1146 3131
internal_value=-1.40835e-05 -0.000771342 7.68515e-05 -0.00628431 0.00348921 0.00120108
internal_weight=8416.43 6921.16 5999.15 922.009 1495.27 1017.6
internal_count=39400 33073 29112 3961 6327 4277
cat_boundaries=0 1 2
cat_threshold=22381345 41945686
is_linear=0
shrinkage=0.05


Tree=163
num_leaves=7
num_cat=1
split_feature=5 8 6 6 5 6
split_gain=7.19293 24.7565 13.0771 12.6221 10.9437 13.0054
threshold=11.852221681221094 0 0.72229947311791953 0.63686885230523671 0.93989666238881209 2.0149081359602095
decision_type=2 1 2 2 2 2
left_child=4 3 -3 -2 5 -1
right_child=1 2 -4 -5 -6 -7
leaf_value=-9.9091289391782595e-05 0.0090133547695939488 -0.00037146007876810738 0.01412646568769336 -0.0080009320954866642 -0.0032901364461056671 0.0091056603815710228
leaf_weight=3987.4873100109398 140.14804110862315 226.22844422794878 496.42482911422849 478.80296768248081 2624.803183584474 423.60109452903271
leaf_count=18733 760 1207 2276 2184 12257 1799
internal_value=-9.45763e-05 0.00325918 0.00946285 -0.00407437 -0.000734444 0.000786713
internal_weight=8377.5 1341.6 722.653 618.951 7035.89 4411.09
internal_count=39216 6427 3483 2944 32789 20532
cat_boundaries=0 1
cat_threshold=10183820
is_linear=0
shrinkage=0.05


Tree=164
num_leaves=7
num_cat=2
split_feature=5 1 5 6 8 8
split_gain=8.47934 10.8055 9.39328 18.1217 14.0802 9.30961
threshold=12.091239763505216 1.2769569793083531 3.2571510127718963 1.6506756245619332 0 1
decision_type=2 2 2 2 1 1
left_child=2 5 3 -1 -4 -2
right_child=1 -3 4 -5 -6 -7
leaf_value=-0.0012967260395716016 0.012290441431071506 -0.014480011484183115 -0.00062296630936375366 0.00651180290774106 -0.0092952585715781275 0.0020021812545478416
leaf_weight=4171.6947108888999 282.84633456729352 78.705356925725937 1230.3740416131914 902.9890948086977 751.56059292517602 929.27491065114737
leaf_count=19773 1443 339 5491 3829 3786 4427
internal_value=-0.000364835 0.00335956 -0.0010465 9.37326e-05 -0.00396459 0.0045289
internal_weight=8347.45 1290.83 7056.62 5074.68 1981.93 1212.12
internal_count=39088 6209 32879 23602 9277 5870
cat_boundaries=0 1 2
cat_threshold=5184370 50366545
is_linear=0
shrinkage=0.05


Tree=165
num_leaves=7
num_cat=1
split_feature=8 6 4 4 6 1
split_gain=9.99674 8.92968 13.3458 10.276 7.04858 7.84166
threshold=0 0.76534081344437344 -6.4159786412114377 -22.873424831459737 0.3965693647393726 0.25711123155750287
decision_type=1 2 2 2 2 2
left_child=1 3 -3 -1 5 -2
right_child=4 2 -4 -5 -6 -7
leaf_value=0.017684548873811372 0.054780058499862484 0.0052509266506876083 -0.0038498283083225567 -0.010316909920738348 0.00093773062157888158 -0.025025844471496361
leaf_weight=34.065235881134868 2.3963252194225779 547.97291549481452 1512.6439032200724 520.96325144357979 5729.7393556591123 39.81552666425705
leaf_count=209 18 2750 7224 3368 25515 228
internal_value=-0.000378024 -0.00293515 -0.00142832 -0.00856959 0.000784806 -0.0193325
internal_weight=8387.6 2615.65 2060.62 555.028 5771.95 42.2119
internal_count=39312 13551 9974 3577 25761 246
cat_boundaries=0 1
cat_threshold=58829728
is_linear=0
shrinkage=0.05


Tree=166
num_leaves=7
num_cat=0
split_feature=3 3 3 4 5 0
split_gain=9.02823 14.5321 42.1844 12.4116 11.2809 6.33894
threshold=10.708333333333334 12.625000000000002 12.79166666666667 12.324103665116672 44.334132117318468 2.8822746811952684
decision_type=2 2 2 2 2 2
left_child=4 3 -3 -2 5 -1
right_child=1 2 -4 -5 -6 -7
leaf_value=-0.0031210794181540115 -0.0042204301440651069 0.022359218922461507 -0.00031553403341241229 0.019339865179020841 -0.082650831664217966 0.0050637051472031316
leaf_weight=293.48866879940033 2807.0812454298139 215.84813946485519 3791.9723186558113 56.061200529336929 2.8143830001354209 1206.2285758405924
leaf_count=1228 12367 989 19285 244 12 5125
internal_value=-0.000264774 -0.0010326 0.000910927 -0.00375252 0.0032448 0.00346096
internal_weight=8373.49 6870.96 4007.82 2863.14 1502.53 1499.72
internal_count=39250 32885 20274 12611 6365 6353
is_linear=0
shrinkage=0.05


Tree=167
num_leaves=7
num_cat=1
split_feature=7 0 8 4 4 2
split_gain=6.89496 10.6788 6.06534 8.35999 6.40702 3.5038
threshold=75.500000000000014 2.1930458849380274 0 2.2264639781711102 -3.844412830954012 1.7407163510161181
decision_type=2 2 1 2 2 2
left_child=2 -2 3 -1 -4 -3
right_child=1 5 4 -5 -6 -7
leaf_value=-0.0087832928413279204 0.065905801958701923 -0.038987117814986427 0.0024536309966537023 0.0073709110085342644 -0.00046839356077279414 -0.0054477497993056928
leaf_weight=364.26617220416665 2.345809891819953 23.543694868683815 3070.9919367078692 101.75455398112535 4817.854668373242 11.940532753244041
leaf_count=2228 11 344 14332 605 21688 177
internal_value=0.000240978 -0.0207797 0.000338633 -0.00513782 0.00066842 -0.0281597
internal_weight=8392.7 37.83 8354.87 466.021 7888.85 35.4842
internal_count=39385 532 38853 2833 36020 521
cat_boundaries=0 1
cat_threshold=25165952
is_linear=0
shrinkage=0.05


Tree=168
num_leaves=7
num_cat=1
split_feature=3 5 1 3 8 4
split_gain=7.29917 17.5447 6.79799 9.13516 6.23108 5.13183
threshold=15.708333333333334 -22.13638279251845 2.0456422011090036 13.708333333333334 0 4.3906705838323088
decision_type=2 2 2 2 1 2
left_child=2 -2 4 -4 -1 -3
right_child=1 5 3 -5 -6 -7
leaf_value=0.0015882684116407854 0.045907856120092405 -0.030134860517542779 -0.0047223082792760031 -0.040080997664065754 -0.0011782526180540546 -0.00019677323646139579
leaf_weight=4414.4964228495955 9.6702434327453357 56.554168980568647 88.078389212489128 22.163875535130501 3758.4496069606394 19.070197211578488
leaf_count=19392 97 688 369 96 18382 232
internal_value=-1.20231e-06 -0.0144677 0.000149493 -0.0121275 0.000316556 -0.0226865
internal_weight=8368.48 85.2946 8283.19 110.242 8172.95 75.6244
internal_count=39256 1017 38239 465 37774 920
cat_boundaries=0 1
cat_threshold=1918194
is_linear=0
shrinkage=0.05


Tree=169
num_leaves=7
num_cat=2
split_feature=6 4 8 4 8 4
split_gain=10.6012 12.2273 12.7557 12.1421 11.7985 13.1228
threshold=1.2063027133204005 -4.716459098577702 0 -0.69295946622031368 1 8.8096861578818935
decision_type=2 2 1 2 1 2
left_child=4 2 -2 -3 5 -1
right_child=1 3 -4 -5 -6 -7
leaf_value=-0.0005368688909905484 0.013233959174468339 -0.004497768209238728 0.00075930831796225558 0.0030050695356913133 -0.0040756768627704309 0.010354259724820274
leaf_weight=2447.3599121104926 424.3561471067369 848.86684995889664 402.27061732113361 1474.3448719456792 2440.2983932606876 310.80883090384305
leaf_count=10943 1872 3620 1720 6290 13298 1427
internal_value=-0.000166517 0.00212207 0.00734061 0.000262889 -0.00155335 0.000691219
internal_weight=8348.31 3149.84 826.627 2323.21 5198.47 2758.17
internal_count=39170 13502 3592 9910 25668 12370
cat_boundaries=0 1 2
cat_threshold=17738454 1643627
is_linear=0
shrinkage=0.05


Tree=170
num_leaves=7
num_cat=1
split_feature=0 8 1 3 6 1
split_gain=6.52225 10.0305 6.06826 9.63444 5.54093 4.8823
threshold=19.484531596712788 0 2.0456422011090036 14.29166666666667 0.88097592514387657 0.61591701629024953
decision_type=2 1 2 2 2 2
left_child=2 -2 4 -4 -1 -3
right_child=1 5 3 -5 -6 -7
leaf_value=-0.0013739374904769032 -0.011551656277532464 0.02413554708709556 -0.0046484773947609781 -0.043631483317237083 0.0013543766001113719 0.067720178827424954
leaf_weight=2859.8894111802801 20.093868657946587 29.248075805604458 95.252192825078964 18.091208528727293 5323.4500746689737 8.2115108706057054
leaf_count=14763 118 155 399 81 23592 39
internal_value=0.000358445 0.0169874 0.000241058 -0.0111979 0.000400842 0.0279379
internal_weight=8354.24 57.5535 8296.68 113.343 8183.34 37.4596
internal_count=39147 312 38835 480 38355 194
cat_boundaries=0 1
cat_threshold=25335312
is_linear=0
shrinkage=0.05


Tree=171
num_leaves=7
num_cat=0
split_feature=0 1 3 0 4 2
split_gain=7.26605 11.6666 10.0049 8.34001 8.73325 8.13858
threshold=5.4537564285781039 0.28876635617981783 14.375000000000002 1.3779736935547444 3.1801996125961058 2.1217547120629328
decision_type=2 2 2 2 2 2
left_child=3 2 -2 4 -1 -5
right_child=1 -3 -4 5 -6 -7
leaf_value=0.0017596661221414317 0.00035199347899601092 0.0024856046816085827 -0.014582604173536309 -0.0023655172798894572 0.037208037959816906 0.005947446276003774
leaf_weight=46.24846650660038 262.82990420609713 3359.4606073629111 194.53726357221603 4132.6711575984955 26.932937651872635 316.05854831635952
leaf_count=201 1206 16906 1321 17982 116 1389
internal_value=-0.000141001 0.00146528 -0.00601827 -0.00149685 0.0151314 -0.00177372
internal_weight=8338.74 3816.83 457.367 4521.91 73.1814 4448.73
internal_count=39121 19433 2527 19688 317 19371
is_linear=0
shrinkage=0.05


Tree=172
num_leaves=7
num_cat=1
split_feature=6 3 8 3 2 6
split_gain=7.0158 12.7362 16.6689 10.4975 9.85431 8.47043
threshold=1.2063027133204005 11.458333333333334 0 15.79166666666667 2.6724236916641266 1.5268438869377345
decision_type=2 2 1 2 2 2
left_child=3 5 -3 4 -1 -2
right_child=1 2 -4 -5 -6 -7
leaf_value=-0.0018128017234546553 -0.0056259308768860381 0.010458488181739455 -0.00030396834613618536 -0.034776157260621436 0.006453422926928922 0.0015863421940363973
leaf_weight=4777.6297430992126 673.71963009238243 713.69841353595257 722.16360793635249 22.371024220250547 388.98469232954085 1025.5746892988682
leaf_count=23402 2868 3076 3187 402 1786 4306
internal_value=-0.00021258 0.00165456 0.00511976 -0.0013408 -0.00118932 -0.00127474
internal_weight=8324.14 3135.16 1435.86 5188.99 5166.61 1699.29
internal_count=39027 13437 6263 25590 25188 7174
cat_boundaries=0 1
cat_threshold=39240886
is_linear=0
shrinkage=0.05


Tree=173
num_leaves=7
num_cat=1
split_feature=7 8 4 0 7 7
split_gain=7.56143 17.4098 16.4327 15.2352 13.5746 41.2645
threshold=58.500000000000007 0 -3.844412830954012 2.7292892611195447 37.500000000000007 39.500000000000007
decision_type=2 1 2 2 2 2
left_child=4 2 -2 -3 -1 -6
right_child=1 3 -4 -5 5 -7
leaf_value=-0.0010911108345723947 0.0088120836028737787 -0.041683851840835832 -0.0052913114851443292 -0.0072037173080408724 0.024082268984915584 0.0014993767421848118
leaf_weight=4369.0132265537977 416.41185034997761 32.566523343324661 407.89672022871673 734.16463837679476 221.73751593381166 2204.5845551490784
leaf_count=19005 2025 143 2029 5029 1012 10116
internal_value=-0.000152321 -0.00325396 0.0018133 -0.0086085 0.000574259 0.00357226
internal_weight=8386.38 1591.04 824.309 766.731 6795.34 2426.32
internal_count=39359 9226 4054 5172 30133 11128
cat_boundaries=0 1
cat_threshold=35487818
is_linear=0
shrinkage=0.05


Tree=174
num_leaves=7
num_cat=0
split_feature=0 4 4 1 6 6
split_gain=6.39878 9.98252 15.1476 8.75089 13.871 8.14274
threshold=8.6151216366470305 -9.0368097769329925 -0.54929983442153796 0.28876635617981783 0.61637429110056174 0.74986590029802913
decision_type=2 2 2 2 2 2
left_child=1 5 -3 -2 -5 -1
right_child=3 2 -4 4 -6 -7
leaf_value=-0.0030948700284183701 -0.0071467528961152759 -0.0041364172996104943 0.0009558356909068552 -0.0044388110684674704 0.0074473202976396745 0.0069497391953038286
leaf_weight=282.74977953359485 184.71062049921602 2702.9626696612686 3174.650412957184 327.26230908930302 974.20135531201959 699.25921896100044
leaf_count=1424 1113 12247 14360 2030 4815 3204
internal_value=3.80322e-05 -0.000606485 -0.00138627 0.00301129 0.00445735 0.00405739
internal_weight=8345.8 6859.62 5877.61 1486.17 1301.46 982.009
internal_count=39193 31235 26607 7958 6845 4628
is_linear=0
shrinkage=0.05


Tree=175
num_leaves=7
num_cat=1
split_feature=8 3 3 3 4 6
split_gain=6.66817 10.3708 9.69834 7.24914 8.06903 7.75658
threshold=0 15.375000000000002 11.958333333333334 9.6250000000000018 9.9462693308546193 0.54159290190679599
decision_type=1 2 2 2 2 2
left_child=3 2 -2 5 -5 -1
right_child=1 -3 -4 4 -6 -7
leaf_value=-0.031962615187428219 -0.0032208810424906049 -0.012162311147436827 0.0012206649287138734 0.00060993297980667589 0.0098985752284118204 0.021354272692139124
leaf_weight=6.6300816833972922 2159.0191048830748 204.20410693716258 2850.7470260299742 2802.2464506551623 254.10838032327592 73.009180724620819
leaf_count=27 9434 1909 14053 12312 1146 309
internal_value=-4.79413e-05 -0.00114295 -0.000693734 0.00177043 0.00138518 0.0165742
internal_weight=8349.96 5213.97 5009.77 3135.99 3056.35 79.6393
internal_count=39190 25396 23487 13794 13458 336
cat_boundaries=0 1
cat_threshold=607560
is_linear=0
shrinkage=0.05


Tree=176
num_leaves=7
num_cat=1
split_feature=3 5 3 3 6 8
split_gain=6.81731 8.57469 17.8871 8.22786 6.19971 16.7329
threshold=10.708333333333334 -12.663542190546972 14.04166666666667 15.79166666666667 0.6550696776523256 0
decision_type=2 2 2 2 2 1
left_child=4 2 -2 -3 5 -1
right_child=1 3 -4 -5 -6 -7
leaf_value=0.042503926821865712 0.0094734197973539349 -0.0011289781060975996 -0.0048492502184135453 -0.028435834883706046 0.0023642325633076019 -0.0015651505066363606
leaf_weight=24.561743065714836 562.55000037699938 5900.5356577988714 354.69786140881479 26.717351525090635 1412.3742554038763 61.048978984355927
leaf_count=101 2528 27917 1940 418 5993 256
internal_value=0.000108264 -0.000560513 0.00393562 -0.00125684 0.00316233 0.0161498
internal_weight=8342.49 6844.5 917.248 5927.25 1497.98 85.6107
internal_count=39153 32803 4468 28335 6350 357
cat_boundaries=0 1
cat_threshold=33974272
is_linear=0
shrinkage=0.05


Tree=177
num_leaves=7
num_cat=1
split_feature=6 6 2 3 8 3
split_gain=6.86826 14.3682 13.4679 12.278 14.4805 9.78348
threshold=0.55867819398010921 0.56368879437017616 0.84279156775259167 15.04166666666667 0 12.125000000000002
decision_type=2 2 2 2 1 2
left_child=3 2 -2 4 -1 -3
right_child=1 5 -4 -5 -6 -7
leaf_value=0.0060678612725403687 -0.024768515625259339 -0.001500236189267972 0.050651583827771268 -0.022311762835526931 -0.012182460421406043 0.0020509975053964089
leaf_weight=242.96540604531765 7.0258887410163906 3542.255811445415 24.641823828220367 87.700695073232055 179.62905858457088 4283.787103574723
leaf_count=1122 34 15295 124 813 1034 20855
internal_value=0.000216514 0.000581823 0.0336727 -0.00539879 -0.00184446 0.000443637
internal_weight=8368.01 7857.71 31.6677 510.295 422.594 7826.04
internal_count=39277 36308 158 2969 2156 36150
cat_boundaries=0 1
cat_threshold=9258442
is_linear=0
shrinkage=0.05


Tree=178
num_leaves=7
num_cat=2
split_feature=5 8 2 8 2 0
split_gain=7.7564 21.9156 19.9154 10.8612 13.414 10.018
threshold=-6.3228939733933318 0 1.1140764467479369 1 1.4141962573775688 6.3214479733091702
decision_type=2 1 2 1 2 2
left_child=1 2 -1 -2 -5 -3
right_child=3 5 -4 4 -6 -7
leaf_value=0.0034718354771325795 -0.0055936441555250642 0.003827028995177359 -0.011174142522254866 -0.001157591311269499 0.0047044221996593635 0.013075054488383926
leaf_weight=528.4854829441756 911.04367146827281 813.57066650688648 412.40379526466131 3947.4038535561413 1295.2929728664458 457.65824038162827
leaf_count=2421 5049 3605 2071 17658 6166 2321
internal_value=0.000323097 0.00286167 -0.00292171 -0.000589775 0.00029078 0.00710822
internal_weight=8365.86 2212.12 940.889 6153.74 5242.7 1271.23
internal_count=39291 10418 4492 28873 23824 5926
cat_boundaries=0 1 2
cat_threshold=55606530 25198725
is_linear=0
shrinkage=0.05


Tree=179
num_leaves=7
num_cat=0
split_feature=6 2 2 2 0 5
split_gain=7.32989 11.142 18.1943 11.1699 10.8197 13.6515
threshold=0.72965597701861451 0.87469882974867275 0.7631932837036296 0.91182636011052087 8.6708643154060407 23.700294955933909
decision_type=2 2 2 2 2 2
left_child=1 2 -1 -3 -2 -6
right_child=4 3 -4 -5 5 -7
leaf_value=-0.0039479869259817701 -2.9786193367855693e-05 -0.029287012042908248 0.017417499769945697 -0.0043878490958566023 0.004776524092719228 0.039479388391052868
leaf_weight=265.6157986856997 5836.206202827394 45.836467040702701 158.19982534274459 1206.7544675823301 837.03086661361158 28.36265504360199
leaf_count=1328 26007 245 817 6719 4066 140
internal_value=4.45743e-06 -0.00295151 0.00404944 -0.00532163 0.000744223 0.00595814
internal_weight=8378.01 1676.41 423.816 1252.59 6701.6 865.394
internal_count=39322 9109 2145 6964 30213 4206
is_linear=0
shrinkage=0.05


Tree=180
num_leaves=7
num_cat=0
split_feature=6 1 4 4 6 5
split_gain=7.15017 14.0671 10.5688 5.89728 10.7758 8.77389
threshold=2.9653378108547357 1.4005701907379131 10.615497786502351 -8.5150740607390336 0.46286739716751635 -29.608228853705747
decision_type=2 2 2 2 2 2
left_child=3 2 -2 5 -5 -1
right_child=1 -3 -4 4 -6 -7
leaf_value=-0.018327883781389439 0.011171984806358171 -0.037061355997603455 0.068898899528779936 -0.017256987036075352 -0.00046888044281115761 0.0031925635794679561
leaf_weight=47.766121339052916 156.99303388595581 13.621783450245855 7.414256513118743 96.041391268372536 6372.5415837038308 1661.3523980397731
leaf_count=245 666 58 32 594 29437 8198
internal_value=0.000185867 0.0100706 0.0141761 -3.05287e-05 -0.000720768 0.00258075
internal_weight=8355.73 178.029 164.407 8177.7 6468.58 1709.12
internal_count=39230 756 698 38474 30031 8443
is_linear=0
shrinkage=0.05


Tree=181
num_leaves=7
num_cat=1
split_feature=8 7 4 6 2 6
split_gain=6.8801 13.5572 12.6107 12.5158 8.78246 7.68219
threshold=0 44.500000000000007 -22.026527775466779 0.51598039633026527 0.48206953063350078 1.1877007011496348
decision_type=1 2 2 2 2 2
left_child=4 3 -3 -2 5 -1
right_child=1 2 -4 -5 -6 -7
leaf_value=-0.016432047620474659 0.032883954274768701 0.011505598612184715 -0.006196592954483035 0.00061520328218594403 0.0022958510521432496 -8.8996813125537537e-05
leaf_weight=118.19823825359344 29.405723452568054 107.37410564161837 1417.9388105291873 2569.8201528191566 3940.748579101637 181.25748869776726
leaf_count=521 145 579 7950 11431 17891 764
internal_value=0.000252283 -0.00120039 -0.00494373 0.000992774 0.00166418 -0.00657299
internal_weight=8364.74 4124.54 1525.31 2599.23 4240.2 299.456
internal_count=39281 20105 8529 11576 19176 1285
cat_boundaries=0 1
cat_threshold=1872109
is_linear=0
shrinkage=0.05


Tree=182
num_leaves=7
num_cat=0
split_feature=5 5 6 4 2 6
split_gain=6.84645 9.41669 11.5636 8.8823 8.86467 8.51278
threshold=19.658483561362068 0.54742043888913983 1.8817051691308795 18.512558703174239 1.6030180321953442 0.62492961024203708
decision_type=2 2 2 2 2 2
left_child=1 2 -1 -3 -2 -6
right_child=4 3 -4 -5 5 -7
leaf_value=0.0004768721804558048 0.0024993148417048229 -0.0023588508158086403 0.0086462596411242178 0.020107785437544119 -0.00012713362333558747 0.029188391940455451
leaf_weight=3777.9727101949975 456.36225550621748 3488.9918103730306 488.28567698597908 43.563967108726501 38.954550186172128 66.936318824067712
leaf_count=17837 2187 16421 2077 214 213 323
internal_value=0.000217321 -0.000167146 0.00141369 -0.00207618 0.00554096 0.0185037
internal_weight=8361.07 7798.81 4266.26 3532.56 562.253 105.891
internal_count=39272 36549 19914 16635 2723 536
is_linear=0
shrinkage=0.05


Tree=183
num_leaves=7
num_cat=0
split_feature=0 6 3 3 3 3
split_gain=8.1093 9.05955 9.00639 8.88799 7.89245 15.9415
threshold=2.4605038444266656 4.4384985565266746 15.79166666666667 12.29166666666667 14.208333333333334 12.958333333333334
decision_type=2 2 2 2 2 2
left_child=4 2 -2 -3 5 -1
right_child=1 3 -4 -5 -6 -7
leaf_value=-0.005538667182581402 0.00084953860701000937 -0.055277806503964771 -0.025205083641753879 0.025677212022732002 -0.019143732587638962 0.017972179720220107
leaf_weight=648.05459323525429 7502.5850729309022 12.350836858153345 32.316222822293639 3.8783515691757193 82.773392200469971 80.129280388355255
leaf_count=2713 35251 52 516 17 358 342
internal_value=0.000141281 0.00065175 0.000734464 -0.0355642 -0.00460685 -0.00293044
internal_weight=8362.09 7551.13 7534.9 16.2292 810.957 728.184
internal_count=39249 35836 35767 69 3413 3055
is_linear=0
shrinkage=0.05


Tree=184
num_leaves=7
num_cat=1
split_feature=8 3 5 0 0 1
split_gain=7.96905 8.57576 15.9204 7.07726 6.54859 8.62941
threshold=0 9.5416666666666696 -17.857530433018862 16.475793311962629 4.3657105327863883 0.22369604053883738
decision_type=1 2 2 2 2 2
left_child=4 2 -2 -3 -1 -6
right_child=1 3 -4 -5 5 -7
leaf_value=-0.00014942401456426502 -0.035883853765201937 -0.0014392770279125528 0.024929387249737974 0.011273668368470048 -0.014481852019982791 0.0054762930337267368
leaf_weight=1363.4227648079395 11.892507970333098 5390.4771572314203 66.509744539856911 110.7524171192199 55.440186893567443 1374.4551186785102
leaf_count=5820 49 26102 279 644 263 6169
internal_value=0.000147067 -0.00094437 0.0153691 -0.00118133 0.00232183 0.00469289
internal_weight=8372.95 5579.63 78.4023 5501.23 2793.32 1429.9
internal_count=39326 27074 328 26746 12252 6432
cat_boundaries=0 1
cat_threshold=870464
is_linear=0
shrinkage=0.05


Tree=185
num_leaves=7
num_cat=1
split_feature=8 1 7 4 2 4
split_gain=7.81169 7.97268 8.07854 7.90939 10.1753 7.22921
threshold=0 1.5806346348525597 71.500000000000014 11.057382294781712 0.65505167698866906 -32.355054404286967
decision_type=1 2 2 2 2 2
left_child=1 2 -1 5 -5 -2
right_child=3 -3 -4 4 -6 -7
leaf_value=-0.00056009122256413637 0.034620682740421592 -0.014889398232691248 -0.014965785720217071 0.026764444386197031 0.0046434721540990365 0.0010492956995461636
leaf_weight=3041.3108831308782 15.091285202652214 106.18263768777251 99.541971243917942 65.445214293897152 241.750523513183 4757.7108926530927
leaf_count=14300 83 460 972 291 1181 21868
internal_value=0.000438449 -0.00147468 -0.00102126 0.00166096 0.00942769 0.00116268
internal_weight=8327.03 3247.04 3140.85 5080 307.196 4772.8
internal_count=39155 15732 15272 23423 1472 21951
cat_boundaries=0 1
cat_threshold=59086624
is_linear=0
shrinkage=0.05


Tree=186
num_leaves=7
num_cat=0
split_feature=2 3 4 6 4 6
split_gain=5.30815 12.6048 8.50321 8.41556 6.57514 12.9392
threshold=0.56278197195040092 13.458333333333334 -5.5105733246153861 0.63686885230523671 -3.844412830954012 0.41945642845651704
decision_type=2 2 2 2 2 2
left_child=1 2 -1 -3 -2 -6
right_child=4 3 -4 -5 5 -7
leaf_value=-0.013242647130270999 0.0022195043524301495 0.0098854103111313679 0.00012461896053702221 -0.030028059393557627 -0.032308706795401071 -0.00058614207368383681
leaf_weight=137.49605602771044 3037.2187831765041 15.974897816777228 843.71871653944254 65.201748490333557 31.393303502351046 4200.8067827662453
leaf_count=616 14771 78 3667 302 212 19489
internal_value=-3.78017e-05 -0.00333733 -0.00176009 -0.0221487 0.000444802 -0.000829028
internal_weight=8331.81 1062.39 981.215 81.1766 7269.42 4232.2
internal_count=39135 4663 4283 380 34472 19701
is_linear=0
shrinkage=0.05


Tree=187
num_leaves=7
num_cat=3
split_feature=0 4 8 8 3 8
split_gain=6.92549 12.0748 8.74172 8.35224 5.95934 14.4932
threshold=2.4605038444266656 -1.0522185066897167 0 1 10.54166666666667 2
decision_type=2 2 1 1 2 1
left_child=1 3 -3 -1 5 -2
right_child=4 2 -4 -5 -6 -7
leaf_value=-0.021777753167988398 0.009703691451892163 -0.0081045892299449335 0.0050922707995419694 -0.0042463586678322968 -9.4672271367058562e-05 -0.0017100435990844024
leaf_weight=122.24741929769516 532.43704649806023 187.32575400173664 330.72660677880049 175.39393072575331 6425.3217472983524 568.81254051625729
leaf_count=512 2237 782 1396 745 31095 2434
internal_value=1.35363e-05 -0.00435966 0.000255881 -0.0123671 0.000487999 0.00388464
internal_weight=8342.27 815.694 518.052 297.641 7526.57 1101.25
internal_count=39201 3435 2178 1257 35766 4671
cat_boundaries=0 1 2 3
cat_threshold=18357940 5772295 34011698
is_linear=0
shrinkage=0.05


Tree=188
num_leaves=7
num_cat=1
split_feature=6 1 8 5 3 5
split_gain=7.16861 10.406 6.63439 9.49706 6.36477 2.48525
threshold=0.35958966984940061 0.23925471110567401 0 6.9704161597397247 9.5416666666666696 -47.664582043022058
decision_type=2 2 1 2 2 2
left_child=1 -1 3 -2 -4 -3
right_child=2 5 4 -5 -6 -7
leaf_value=0.09501063778592532 0.00026186081247411456 0.029761431725737086 0.012610961983954144 0.0083712499589200708 -0.0012056709813026546 -0.038632533604243707
leaf_weight=0.68912641704082744 1400.8235443290323 0.70276588946581142 83.463744893670082 485.43126280046999 6365.7212014440447 21.639921490103006
leaf_count=8 6501 4 351 2289 29973 141
internal_value=-0.000339179 -0.0276082 -0.000260529 0.00233976 -0.00102335 -0.0352985
internal_weight=8358.47 23.0318 8335.44 1886.25 6449.18 22.3427
internal_count=39267 153 39114 8790 30324 145
cat_boundaries=0 1
cat_threshold=4325457
is_linear=0
shrinkage=0.05


Tree=189
num_leaves=7
num_cat=0
split_feature=6 2 3 2 6 3
split_gain=9.28063 9.81059 9.70817 20.4599 8.77237 8.7487
threshold=0.86901690971308121 2.4679475037219616 11.875000000000002 1.1140764467479369 0.85839900842993566 10.708333333333334
decision_type=2 2 2 2 2 2
left_child=1 4 5 -4 -1 -2
right_child=2 -3 3 -5 -6 -7
leaf_value=-0.0030048658075677928 0.002068325472637919 0.0065354473676192786 0.0070717614894835711 -0.001718701008408971 -0.019302891812540451 -0.0035224157211097857
leaf_weight=2478.8658827478066 1230.5378636270761 265.28218485787511 1458.9409973695874 1210.4419606495649 84.457517426460981 1619.7399299293756
leaf_count=13034 5228 1274 6506 5808 406 6993
internal_value=-0.000273128 -0.00260141 0.000920279 0.00308654 -0.00354918 -0.00110887
internal_weight=8348.27 2828.61 5519.66 2669.38 2563.32 2850.28
internal_count=39249 14714 24535 12314 13440 12221
is_linear=0
shrinkage=0.05


Tree=190
num_leaves=7
num_cat=2
split_feature=6 8 7 0 8 3
split_gain=6.63507 14.8363 10.4386 8.14199 20.6484 13.1897
threshold=0.88097592514387657 0 52.500000000000007 2.8822746811952684 1 14.208333333333334
decision_type=2 1 2 2 1 2
left_child=1 -1 -3 5 -5 -2
right_child=3 2 -4 4 -6 -7
leaf_value=-0.007851598641615453 -0.00087450753053021086 -0.0029378859970416505 0.0041436871358203056 0.0051351375248442407 -0.0018762533420345379 -0.017656168401574832
leaf_weight=786.21920786239207 1076.0352527052164 1189.4376612752676 923.52399360202253 2300.6034482903779 1918.5757453273982 130.40028142929077
leaf_count=4500 4497 5455 5121 10227 8748 573
internal_value=-0.000112632 -0.00204328 0.00015705 0.000919197 0.0019549 -0.00270151
internal_weight=8324.8 2899.18 2112.96 5425.61 4219.18 1206.44
internal_count=39121 15076 10576 24045 18975 5070
cat_boundaries=0 1 2
cat_threshold=55050644 6035413
is_linear=0
shrinkage=0.05


Tree=191
num_leaves=7
num_cat=1
split_feature=8 7 7 4 0 0
split_gain=7.27244 6.78787 9.92719 8.93417 6.2515 6.13049
threshold=0 67.500000000000014 53.500000000000007 -23.82440007484389 1.3779736935547444 5.0445180805882437
decision_type=1 2 2 2 2 2
left_child=4 2 -2 -3 -1 -6
right_child=1 3 -4 -5 5 -7
leaf_value=0.017025280851813498 -0.0028375887275360685 0.034537725758332423 0.0044829681999710895 -0.013264147267285663 -0.00078666055313846646 0.0026579658468859593
leaf_weight=59.532650366425514 2341.1929417550564 9.3552426733076555 576.29156815260649 191.34320676326752 2696.8174121342599 2477.406774520874
leaf_count=259 10923 90 3058 1676 11536 11761
internal_value=-9.05051e-05 -0.00199791 -0.00139052 -0.0108758 0.00104787 0.000862814
internal_weight=8351.94 3118.18 2917.48 200.698 5233.76 5174.22
internal_count=39303 15747 13981 1766 23556 23297
cat_boundaries=0 1
cat_threshold=5982555
is_linear=0
shrinkage=0.05


Tree=192
num_leaves=7
num_cat=0
split_feature=2 1 1 3 4 4
split_gain=6.49593 6.68964 7.99502 6.32334 11.2894 6.0311
threshold=0.3527501452101609 2.0456422011090036 2.2723329553020872 10.958333333333334 -5.688665408603188 3.0820213150218279
decision_type=2 2 2 2 2 2
left_child=3 -2 -3 5 -5 -1
right_child=1 2 -4 4 -6 -7
leaf_value=-0.03593322603781169 0.00022055686731254246 -0.03145487944890326 -0.0025915306721678508 -0.045641884327382788 0.0026144422579625522 0.014000535052704682
leaf_weight=33.147007867693901 8111.6042449446395 35.239133015275002 71.594884119927883 13.032520160079001 88.291672416031361 6.7843239158391944
leaf_count=143 38230 149 304 60 389 29
internal_value=-0.000127237 5.61183e-05 -0.0123155 -0.0107205 -0.00397778 -0.0273147
internal_weight=8359.69 8218.44 106.834 141.256 101.324 39.9313
internal_count=39304 38683 453 621 449 172
is_linear=0
shrinkage=0.05


Tree=193
num_leaves=7
num_cat=0
split_feature=5 0 6 5 3 3
split_gain=10.3479 9.17598 10.4399 8.73828 12.4479 9.76785
threshold=12.091239763505216 4.69064278191781 1.837023333825581 10.072752152561966 13.79166666666667 10.708333333333334
decision_type=2 2 2 2 2 2
left_child=3 -2 -3 5 -5 -1
right_child=1 2 -4 4 -6 -7
leaf_value=0.0032646440124342898 -0.001703829858488161 0.0061181764064060533 0.043393403884813497 -0.015258735992627257 0.0065951495583709404 -0.001573714792597611
leaf_weight=1288.9709617495537 477.9213352650404 809.98049439769238 18.266645833849907 229.58679604530334 90.160737972706556 5451.084739042446
leaf_count=5477 2054 4167 79 1027 512 26034
internal_value=-0.000275393 0.00381111 0.0069916 -0.00103189 -0.00909514 -0.000648078
internal_weight=8365.97 1306.17 828.247 7059.8 319.748 6740.06
internal_count=39350 6300 4246 33050 1539 31511
is_linear=0
shrinkage=0.05


Tree=194
num_leaves=7
num_cat=0
split_feature=0 2 0 4 3 5
split_gain=9.10686 8.85388 7.92608 7.93011 7.49375 6.28441
threshold=1.3779736935547444 0.30964737876870935 2.4605038444266656 -1.1163512315062845 10.375000000000002 -5.0134039420871215
decision_type=2 2 2 2 2 2
left_child=1 -1 3 -2 -3 -4
right_child=2 4 5 -5 -6 -7
leaf_value=-0.057713277768762075 -0.012766777209345784 -0.03315611123813518 0.0017798839703006741 -0.0019160317860369665 0.025774013712133288 -0.0013521937152885302
leaf_weight=2.8240270912647238 263.50326050817966 5.0437331348657599 2304.5270255375654 464.56924431025982 62.616400942206383 5244.2186224069446
leaf_count=12 1108 22 10944 1945 273 24975
internal_value=-0.000723418 0.0170467 -0.000876787 -0.00585525 0.0209621 -0.000395905
internal_weight=8347.3 70.4842 8276.82 728.073 67.6601 7548.75
internal_count=39279 307 38972 3053 295 35919
is_linear=0
shrinkage=0.05


Tree=195
num_leaves=7
num_cat=2
split_feature=2 8 4 6 8 6
split_gain=5.52496 14.415 11.9831 10.6542 6.90525 11.4726
threshold=0.48206953063350078 0 -2.6579129619346404 0.61225111267512233 1 2.7876363124249193
decision_type=2 1 2 2 1 2
left_child=1 3 -3 -1 -2 -6
right_child=4 2 -4 -5 5 -7
leaf_value=0.080973126547093613 0.0015857499916813672 -0.025639739710384236 -0.0053077186770320592 0.003443281355805552 -0.0020041811011675247 0.016057437565822574
leaf_weight=3.5176284462213507 4676.0617633890361 101.14578054100275 252.03642878681421 241.90670396387577 2969.2034519668669 89.608841642737389
leaf_count=20 21309 453 1101 1053 14847 380
internal_value=2.09723e-05 -0.00460274 -0.0108793 0.00468833 0.000379353 -0.0014652
internal_weight=8333.48 598.607 353.182 245.424 7734.87 3058.81
internal_count=39163 2627 1554 1073 36536 15227
cat_boundaries=0 1 2
cat_threshold=37826869 10405466
is_linear=0
shrinkage=0.05


Tree=196
num_leaves=7
num_cat=0
split_feature=4 6 6 5 3 6
split_gain=7.55407 12.13 21.3493 11.2669 10.3286 11.7374
threshold=-3.9852868738362894 1.2193915620875961 1.1382498180364262 -10.396757596642795 14.375000000000002 0.41945642845651704
decision_type=2 2 2 2 2 2
left_child=1 2 -1 -3 -2 -6
right_child=4 3 -4 -5 5 -7
leaf_value=0.000992383328432847 -0.00053584666608936626 0.021449572886329954 -0.017515532956242627 0.0043815199937326235 -0.049467462673140471 -0.0059001114613404966
leaf_weight=2109.1515576737002 4350.5011536926031 108.45454803109169 167.23808204568923 838.29733481630683 14.804520854726432 761.42882833071053
leaf_count=10758 19119 474 776 3634 131 4386
internal_value=-0.000292126 0.00160429 -0.00037442 0.00635731 -0.00148447 -0.00679362
internal_weight=8349.88 3223.14 2276.39 946.752 5126.73 776.233
internal_count=39278 15642 11534 4108 23636 4517
is_linear=0
shrinkage=0.05


Tree=197
num_leaves=7
num_cat=2
split_feature=1 5 8 8 3 3
split_gain=7.23711 10.9049 12.0828 10.8994 8.62363 41.1426
threshold=0.86866733216424163 5.117506340622124 0 1 12.625000000000002 12.79166666666667
decision_type=2 2 1 1 2 2
left_child=4 2 -2 -3 -1 -6
right_child=1 3 -4 -5 5 -7
leaf_value=-0.0024131340069558434 0.010834892793231729 0.005684063335846117 0.00040312553920295724 -0.0086944898989055244 0.023785097577192049 -0.00016431134862782384
leaf_weight=3288.755195595324 577.57897663861513 215.76618391275406 538.52578637935221 308.21937049925327 189.02876672148705 3183.6109765479341
leaf_count=14410 2508 973 2420 1361 864 16538
internal_value=0.000140944 0.00311514 0.00590698 -0.0028315 -0.000591684 0.00118465
internal_weight=8301.49 1640.09 1116.1 523.986 6661.39 3372.64
internal_count=39074 7262 4928 2334 31812 17402
cat_boundaries=0 1 2
cat_threshold=34302254 29725361
is_linear=0
shrinkage=0.05


Tree=198
num_leaves=7
num_cat=1
split_feature=0 8 6 0 0 3
split_gain=5.73294 10.9948 6.81316 4.74304 8.04586 7.04757
threshold=19.484531596712788 0 0.61637429110056174 1.3779736935547444 2.4605038444266656 10.375000000000002
decision_type=2 1 2 2 2 2
left_child=3 -2 -3 5 -5 -1
right_child=1 2 -4 4 -6 -7
leaf_value=-0.041393930239859794 -0.013715267345273244 0.0060690504617749615 0.049800187869490198 -0.0051473107388543445 0.00034272170000099373 0.017239289491971847
leaf_weight=4.6100473552942267 19.368090689182281 14.338668979704378 23.925868628546596 731.51309484988451 7502.6701204003766 65.285036221146584
leaf_count=20 104 90 116 3066 35645 286
internal_value=7.52843e-05 0.0156551 0.0270865 -3.47157e-05 -0.000145571 0.0128427
internal_weight=8361.71 57.6326 38.2645 8304.08 8234.18 69.8951
internal_count=39327 310 206 39017 38711 306
cat_boundaries=0 1
cat_threshold=8573968
is_linear=0
shrinkage=0.05


Tree=199
num_leaves=7
num_cat=2
split_feature=6 8 3 3 3 8
split_gain=6.87306 20.3505 7.79429 6.9549 29.2336 13.6394
threshold=0.88097592514387657 0 13.708333333333334 12.625000000000002 12.79166666666667 1
decision_type=2 1 2 2 2 1
left_child=1 2 -1 5 -5 -2
right_child=3 -3 -4 4 -6 -7
leaf_value=-0.017498578739003606 -0.0069753306501915127 -0.00055445257382479723 -0.0047862571015485928 0.026599905553260236 0.0013520965857177752 0.00078098247638335187
leaf_weight=272.51606287807226 695.42111288011074 2406.4055886175483 217.44470784626901 121.75172026455402 1739.44491690211 2861.6110158413649
leaf_count=1439 3198 12022 1593 535 8205 12110
internal_value=-0.000509602 -0.00247536 -0.011641 0.000541474 0.0030171 -0.000754367
internal_weight=8314.6 2896.37 489.961 5418.23 1861.2 3557.03
internal_count=39102 15054 3032 24048 8740 15308
cat_boundaries=0 1 2
cat_threshold=16778773 59801760
is_linear=0
shrinkage=0.05


end of trees

feature_importances:
symbol=275
rv20_rel=236
et_hour=234
prev_day_ret_n=121
open_to_now_ret_n=116
drop_pct_n=74
vol_ratio_trough=63
bars_since_open=57
drop_speed_n=24

parameters:
[boosting: gbdt]
[objective: binary]
[metric: binary_logloss]
[tree_learner: serial]
[device_type: cpu]
[data_sample_strategy: bagging]
[data: ]
[valid: ]
[num_iterations: 200]
[learning_rate: 0.05]
[num_leaves: 7]
[num_threads: 18]
[seed: 42]
[deterministic: 1]
[force_col_wise: 0]
[force_row_wise: 0]
[histogram_pool_size: -1]
[max_depth: 3]
[min_data_in_leaf: 10]
[min_sum_hessian_in_leaf: 0.001]
[bagging_fraction: 0.8]
[pos_bagging_fraction: 1]
[neg_bagging_fraction: 1]
[bagging_freq: 1]
[bagging_seed: 400]
[bagging_by_query: 0]
[feature_fraction: 0.8]
[feature_fraction_bynode: 1]
[feature_fraction_seed: 30056]
[extra_trees: 0]
[extra_seed: 12879]
[early_stopping_round: 0]
[early_stopping_min_delta: 0]
[first_metric_only: 0]
[max_delta_step: 0]
[lambda_l1: 0]
[lambda_l2: 1]
[linear_lambda: 0]
[min_gain_to_split: 0]
[drop_rate: 0.1]
[max_drop: 50]
[skip_drop: 0.5]
[xgboost_dart_mode: 0]
[uniform_drop: 0]
[drop_seed: 17869]
[top_rate: 0.2]
[other_rate: 0.1]
[min_data_per_group: 100]
[max_cat_threshold: 32]
[cat_l2: 10]
[cat_smooth: 10]
[max_cat_to_onehot: 4]
[top_k: 20]
[monotone_constraints: ]
[monotone_constraints_method: basic]
[monotone_penalty: 0]
[feature_contri: ]
[forcedsplits_filename: ]
[refit_decay_rate: 0.9]
[cegb_tradeoff: 1]
[cegb_penalty_split: 0]
[cegb_penalty_feature_lazy: ]
[cegb_penalty_feature_coupled: ]
[path_smooth: 0]
[interaction_constraints: ]
[verbosity: -1]
[saved_feature_importance_type: 0]
[use_quantized_grad: 0]
[num_grad_quant_bins: 4]
[quant_train_renew_leaf: 0]
[stochastic_rounding: 1]
[linear_tree: 0]
[max_bin: 255]
[max_bin_by_feature: ]
[min_data_in_bin: 3]
[bin_construct_sample_cnt: 200000]
[data_random_seed: 175]
[is_enable_sparse: 1]
[enable_bundle: 1]
[use_missing: 1]
[zero_as_missing: 0]
[feature_pre_filter: 1]
[pre_partition: 0]
[two_round: 0]
[header: 0]
[label_column: ]
[weight_column: ]
[group_column: ]
[ignore_column: ]
[categorical_feature: 8]
[forcedbins_filename: ]
[precise_float_parser: 0]
[parser_config_file: ]
[objective_seed: 16083]
[num_class: 1]
[is_unbalance: 0]
[scale_pos_weight: 1]
[sigmoid: 1]
[boost_from_average: 1]
[reg_sqrt: 0]
[alpha: 0.9]
[fair_c: 1]
[poisson_max_delta_step: 0.7]
[tweedie_variance_power: 1.5]
[lambdarank_truncation_level: 30]
[lambdarank_norm: 1]
[label_gain: ]
[lambdarank_position_bias_regularization: 0]
[eval_at: ]
[multi_error_top_k: 1]
[auc_mu_weights: ]
[num_machines: 1]
[local_listen_port: 12400]
[time_out: 120]
[machine_list_filename: ]
[machines: ]
[gpu_platform_id: -1]
[gpu_device_id: -1]
[gpu_device_id_list: ]
[gpu_use_dp: 0]
[num_gpu: 1]

end of parameters

pandas_categorical:[["AAPL", "AMD", "AMZN", "AVGO", "BA", "CAT", "COIN", "COST", "CRM", "DIS", "GOOGL", "GS", "INTC", "JPM", "META", "MSFT", "MU", "NFLX", "NVDA", "PLTR", "QCOM", "TSLA", "UNH", "V", "WMT", "XOM"]]
